CDR3_beta	TRBV_gene	TRBJ_gene
CASSLPGGTQYF	TRBV7-8*00	TRBJ2-5*00
CASSLRGREQYF	TRBV13*00	TRBJ2-7*00
CASSLREYEQYF	TRBV7-9*00	TRBJ2-7*00
CASSLQGYEQFF	TRBV4-1*00	TRBJ2-1*00
CASSLVNTEAFF	TRBV13*00	TRBJ1-1*00
CASSLGGDIQYF	TRBV11-2*00	TRBJ2-4*00
CASSLGTGELFF	TRBV11-2*00	TRBJ2-2*00
CASSLGSYEQYF	TRBV7-2*00	TRBJ2-7*00
CASSLGQIGYTF	TRBV11-2*00	TRBJ1-2*00
CASSLTGTFSTF	TRBV9*00	TRBJ1-2*00
CASSLTGETQYF	TRBV9*00	TRBJ2-5*00
CASSLRGNEQFF	TRBV11-3*00	TRBJ2-1*00
CASSLHGQPQHF	TRBV12-3*00	TRBJ1-5*00
CASSLQWNEQFF	TRBV7-6*00	TRBJ2-1*00
CASSLAPYEHYF	TRBV7-9*00	TRBJ2-7*00
CASSLGNYGYTF	TRBV5-6*00	TRBJ1-2*00
CASSLGDTEQYF	TRBV7-8*00	TRBJ2-7*00
CASSLIYNEQFF	TRBV7-8*00	TRBJ2-1*00
CASSLMGGELFF	TRBV7-7*00	TRBJ2-2*00
CASSLTGAEQYF	TRBV7-9*00	TRBJ2-7*00
CASSLSLDEQFF	TRBV11-2*00	TRBJ2-1*00
CASSLSTYEQYF	TRBV5-6*00	TRBJ2-7*00
CASSLLKETQYF	TRBV13*00	TRBJ2-5*00
CASSLRGYEQYF	TRBV7-9*00	TRBJ2-7*00
CASSLQGDEQFF	TRBV2*00	TRBJ2-1*00
CASSLGMDSQYF	TRBV4-2*00	TRBJ2-3*00
CASSLGTYEQYF	TRBV11-2*00	TRBJ2-7*00
CASSLGGLEQYF	TRBV6-5*00	TRBJ2-7*00
CASSLGGGEQYF	TRBV7-6*00	TRBJ2-7*00
CASSLGGYEQYF	TRBV12-3*00	TRBJ2-7*00
CASSLGGAEQYF	TRBV7-8*00	TRBJ2-7*00
CASSLGDTEQFF	TRBV5-5*00	TRBJ2-1*00
CASSLGENEQFF	TRBV5-4*00	TRBJ2-1*00
CASSLDSNEQFF	TRBV5-6*00	TRBJ2-1*00
CASSLDTGEQFF	TRBV3-1*00	TRBJ2-1*00
CASSLIGRAAFF	TRBV11-3*00	TRBJ1-1*00
CASSLTRYEQFF	TRBV28*00	TRBJ2-1*00
CASSLSLETQYF	TRBV11-2*00	TRBJ2-5*00
CASSPFGETQYF	TRBV7-9*00	TRBJ2-5*00
CASSPSGDSQFF	TRBV9*00	TRBJ2-1*00
CASSPSYNGQFF	TRBV7-2*00	TRBJ2-1*00
CASSPSSDTQYF	TRBV27*00	TRBJ2-3*00
CASSPPSHEQYF	TRBV9*00	TRBJ2-7*00
CASSPRLTEQYF	TRBV28*00	TRBJ2-7*00
CASSPRSGEQYF	TRBV12-3*00	TRBJ2-7*00
CASSPGGVEAFF	TRBV5-4*00	TRBJ1-1*00
CASSPGAGSQYF	TRBV7-9*00	TRBJ2-7*00
CASSPGGYGYTF	TRBV7-9*00	TRBJ1-2*00
CASSPGAGELFF	TRBV7-3*00	TRBJ2-2*00
CASSPDGDEQYF	TRBV9*00	TRBJ2-7*00
CASSPDRLEQYF	TRBV28*00	TRBJ2-7*00
CASSPTQENQYF	TRBV12-3*00	TRBJ2-5*00
CASSPTRNEQFF	TRBV13*00	TRBJ2-1*00
CASSPTAQEQYF	TRBV28*00	TRBJ2-7*00
CASSPTGNEQFF	TRBV7-3*00	TRBJ2-1*00
CASSPSGYEQYF	TRBV27*00	TRBJ2-7*00
CASSPSAGELFF	TRBV3-1*00	TRBJ2-2*00
CASSPSGETQYF	TRBV11-2*00	TRBJ2-5*00
CASSPRTYEQYF	TRBV28*00	TRBJ2-7*00
CASSPNGQQQFF	TRBV5-4*00	TRBJ2-1*00
CASSPKGAEAFF	TRBV7-8*00	TRBJ1-1*00
CASSPLTGELFF	TRBV7-2*00	TRBJ2-2*00
CASSPSSGELFF	TRBV7-7*00	TRBJ2-2*00
CASSPSPNEAFF	TRBV7-8*00	TRBJ1-1*00
CASSPSVGEQFF	TRBV7-9*00	TRBJ2-1*00
CASSPSWDTQYF	TRBV6-5*00	TRBJ2-3*00
CASSPLRAEAFF	TRBV13*00	TRBJ1-1*00
CASSPLGHEQYF	TRBV7-2*00	TRBJ2-7*00
CASSPPREKLFF	TRBV7-6*00	TRBJ1-4*00
CASSPPQATQYF	TRBV7-9*00	TRBJ2-5*00
CASSPPGYEQYF	TRBV7-9*00	TRBJ2-7*00
CASSPPMGEQYF	TRBV4-2*00	TRBJ2-7*00
CASSPRHHEQFF	TRBV9*00	TRBJ2-1*00
CASSPRAGELFF	TRBV27*00	TRBJ2-2*00
CASSPRGDTQYF	TRBV6-5*00	TRBJ2-3*00
CASSPRDSPLHF	TRBV9*00	TRBJ1-6*00
CASSPHAETQYF	TRBV13*00	TRBJ2-5*00
CASSPHAETQYF	TRBV13*00	TRBJ2-5*00
CASSPHRAEAFF	TRBV13*00	TRBJ1-1*00
CASSPQIGELFF	TRBV11-2*00	TRBJ2-2*00
CASSPVRDEQFF	TRBV7-9*00	TRBJ2-1*00
CASSPAPNEQFF	TRBV7-9*00	TRBJ2-1*00
CASSPAEGTQYF	TRBV7-6*00	TRBJ2-5*00
CASSPGLGGYTF	TRBV5-5*00	TRBJ1-2*00
CASSPGNSPLHF	TRBV7-6*00	TRBJ1-6*00
CASSPGSTEAFF	TRBV5-4*00	TRBJ1-1*00
CASSPGVNEQFF	TRBV27*00	TRBJ2-1*00
CASSPGADEQFF	TRBV6-2*00	TRBJ2-1*00
CASSPGAYEQFF	TRBV7-6*00	TRBJ2-1*00
CASSPGGFEQFF	TRBV7-9*00	TRBJ2-1*00
CASSPGGGEQFF	TRBV6-6*00	TRBJ2-1*00
CASSPGGKHPVF	TRBV11-2*00	TRBJ2-7*00
CASSPGDTEAFF	TRBV5-4*00	TRBJ1-1*00
CASSPGTPRVYF	TRBV5-6*00	TRBJ2-3*00
CASSPGLDEQFF	TRBV5-5*00	TRBJ2-1*00
CASSPGQGEQFF	TRBV7-8*00	TRBJ2-1*00
CASSPGGETQYF	TRBV7-9*00	TRBJ2-5*00
CASSPDRNTQYF	TRBV12-3*00	TRBJ2-3*00
CASSPTAGELFF	TRBV9*00	TRBJ2-2*00
CASSPTGNEQFF	TRBV3-2*00	TRBJ2-1*00
CASSPTGDEQYF	TRBV9*00	TRBJ2-7*00
CASSPTEETQYF	TRBV3-1*00	TRBJ2-5*00
CASSPSVDTQYF	TRBV9*00	TRBJ2-3*00
CASSPSPGELFF	TRBV7-9*00	TRBJ2-2*00
CASSPSGEKLFF	TRBV9*00	TRBJ1-4*00
CASSPRWNEQFF	TRBV7-9*00	TRBJ2-1*00
CASSPNLNEQFF	TRBV13*00	TRBJ2-1*00
CASSPNGGAAIF	TRBV9*00	TRBJ2-1*00
CASSPNTDTQYF	TRBV9*00	TRBJ2-3*00
CASSPSIIEQFF	TRBV7-8*00	TRBJ2-1*00
CASSPSTTEAFF	TRBV9*00	TRBJ1-1*00
CASSPYGTEAFF	TRBV7-6*00	TRBJ1-1*00
CASSPLGDTQYF	TRBV5-5*00	TRBJ2-3*00
CASSPPAHTQYF	TRBV9*00	TRBJ2-3*00
CASSPRGLEQYF	TRBV7-9*00	TRBJ2-7*00
CASSPVGNEQFF	TRBV11-2*00	TRBJ2-1*00
CASSPAGQPQHF	TRBV7-9*00	TRBJ1-5*00
CASSPAGGELFF	TRBV9*00	TRBJ2-2*00
CASSPGLVEQFF	TRBV6-5*00	TRBJ2-1*00
CASSPGGGELFF	TRBV12-3*00	TRBJ2-2*00
CASSPGRDTQYF	TRBV27*00	TRBJ2-3*00
CASSPGGDTQYF	TRBV11-2*00	TRBJ2-3*00
CASSPGGNEQFF	TRBV5-4*00	TRBJ2-1*00
CASSPGGTGYTF	TRBV5-5*00	TRBJ1-2*00
CASSPDSYEQYF	TRBV12-3*00	TRBJ2-7*00
CASSPESNVLTF	TRBV7-9*00	TRBJ2-6*00
CASSPTSYEQYF	TRBV3-1*00	TRBJ2-7*00
CASSPTDNEQFF	TRBV11-1*00	TRBJ2-1*00
CASSPTNQPQHF	TRBV12-3*00	TRBJ1-5*00
CASSPTGDTQYF	TRBV5-6*00	TRBJ2-3*00
CASSPTEFEQFF	TRBV9*00	TRBJ2-1*00
CASSPSGYEQYF	TRBV3-1*00	TRBJ2-7*00
CASSPRGNEQFF	TRBV11-3*00	TRBJ2-1*00
CASSPRGDEQFF	TRBV11-1*00	TRBJ2-1*00
CASSPSHYEQYF	TRBV14*00	TRBJ2-7*00
CASSPWIEGAFF	TRBV3-1*00	TRBJ1-1*00
CASSPLGDTQYF	TRBV6-5*00	TRBJ2-3*00
CASSPPAGEQFF	TRBV7-9*00	TRBJ2-1*00
CASSPHSYEQYF	TRBV7-9*00	TRBJ2-7*00
CASSPQGAEAFF	TRBV2*00	TRBJ1-1*00
CASSPVGNEQFF	TRBV13*00	TRBJ2-1*00
CASSPVEAMAFF	TRBV7-6*00	TRBJ1-1*00
CASSPVNTEAFF	TRBV7-9*00	TRBJ1-1*00
CASSPAVNEQFF	TRBV7-8*00	TRBJ2-1*00
CASSPANTEAFF	TRBV7-9*00	TRBJ1-1*00
CASSPAYNEQFF	TRBV11-2*00	TRBJ2-1*00
CASSPGRSEQFF	TRBV6-5*00	TRBJ2-1*00
CASSPGGAQAFF	TRBV7-9*00	TRBJ1-1*00
CASSPDRGTQYF	TRBV12-3*00	TRBJ2-3*00
CASSPDRIEQFF	TRBV9*00	TRBJ2-1*00
CASSPEVAGYTF	TRBV7-8*00	TRBJ1-2*00
CASSPIEETQYF	TRBV7-9*00	TRBJ2-5*00
CASSPIGDEQFF	TRBV7-9*00	TRBJ2-1*00
CASSPTAYEQYF	TRBV27*00	TRBJ2-7*00
CASSPTPYEQYF	TRBV7-9*00	TRBJ2-7*00
CASSPSGNEQFF	TRBV3-1*00	TRBJ2-1*00
CASSPSQETQYF	TRBV13*00	TRBJ2-5*00
CASSPSGQLQFF	TRBV7-7*00	TRBJ2-1*00
CASSPNRETQYF	TRBV6-6*00	TRBJ2-5*00
CASSPNRERYTF	TRBV9*00	TRBJ1-2*00
CASSRLVIEQFF	TRBV28*00	TRBJ2-1*00
CASSRDTGELFF	TRBV3-1*00	TRBJ1-4*00
CASSRSNQPQHF	TRBV27*00	TRBJ1-5*00
CASSRRTDTQYF	TRBV27*00	TRBJ2-3*00
CASSRGADTQYF	TRBV27*00	TRBJ2-3*00
CASSRGSSEQYF	TRBV7-9*00	TRBJ2-7*00
CASSRGLAEEFF	TRBV7-9*00	TRBJ2-1*00
CASSRWYNEQFF	TRBV14*00	TRBJ2-1*00
CASSRYYNEQFF	TRBV14*00	TRBJ2-1*00
CASSRAYNEQFF	TRBV2*00	TRBJ2-1*00
CASSRARETQYF	TRBV12-3*00	TRBJ2-5*00
CASSRGLYEQYF	TRBV2*00	TRBJ2-7*00
CASSRGRETQYF	TRBV6-1*00	TRBJ2-5*00
CASSRGADTQYF	TRBV28*00	TRBJ2-3*00
CASSRGTGELFF	TRBV11-2*00	TRBJ2-2*00
CASSRGNQPQHF	TRBV5-6*00	TRBJ1-5*00
CASSRDIHEQYF	TRBV7-9*00	TRBJ2-7*00
CASSRDRPEQFF	TRBV12-3*00	TRBJ2-1*00
CASSRDRDTQYF	TRBV6-5*00	TRBJ2-3*00
CASSRDNYGYTF	TRBV14*00	TRBJ1-2*00
CASSRIQETQYF	TRBV7-6*00	TRBJ2-5*00
CASSRTAGELFF	TRBV7-8*00	TRBJ2-2*00
CASSRTDYEQYF	TRBV5-5*00	TRBJ2-7*00
CASSRTGNEQFF	TRBV9*00	TRBJ2-1*00
CASSRLAGEQYF	TRBV2*00	TRBJ2-7*00
CASSRPTDTQYF	TRBV7-9*00	TRBJ2-3*00
CASSRRTDPQFF	TRBV11-2*00	TRBJ2-1*00
CASSRRQETQYF	TRBV6-1*00	TRBJ2-5*00
CASSRHHNEQFF	TRBV7-8*00	TRBJ2-1*00
CASSRINYGYTF	TRBV3-1*00	TRBJ1-2*00
CASSRRDTEAFF	TRBV14*00	TRBJ1-1*00
CASSHWDFQQFF	TRBV14*00	TRBJ2-1*00
CASSHGANEQYF	TRBV25-1*00	TRBJ2-7*00
CASSHGYNEQFF	TRBV28*00	TRBJ2-1*00
CASSHTQETQYF	TRBV3-1*00	TRBJ2-5*00
CASSHSPLEAFF	TRBV6-2*00	TRBJ1-1*00
CASSHPAGELFF	TRBV11-2*00	TRBJ2-2*00
CASSHRQDEQFF	TRBV11-2*00	TRBJ2-1*00
CASSHVGTEAFF	TRBV16*00	TRBJ1-1*00
CASSHAGDTQYF	TRBV11-3*00	TRBJ2-3*00
CASSHGVQPQHF	TRBV7-9*00	TRBJ1-5*00
CASSHDGGELFF	TRBV6-5*00	TRBJ2-2*00
CASSHRNTEAFF	TRBV6-2*00	TRBJ1-1*00
CASSQSGGELFF	TRBV11-1*00	TRBJ2-2*00
CASSQYTGELFF	TRBV11-2*00	TRBJ2-2*00
CASSQYRDTQYF	TRBV14*00	TRBJ2-5*00
CASSQVSGEQFF	TRBV3-1*00	TRBJ2-1*00
CASSQAGGEQYF	TRBV7-7*00	TRBJ2-7*00
CASSQGANEQFF	TRBV4-2*00	TRBJ2-1*00
CASSQGGQPQHF	TRBV6-5*00	TRBJ1-5*00
CASSQGGNEQFF	TRBV7-9*00	TRBJ2-1*00
CASSQGWETQYF	TRBV12-3*00	TRBJ2-5*00
CASSQGYYEQYF	TRBV14*00	TRBJ2-7*00
CASSQGYTEAFF	TRBV6-5*00	TRBJ1-1*00
CASSQGNTEAFF	TRBV7-9*00	TRBJ1-1*00
CASSQDQDTQYF	TRBV28*00	TRBJ2-3*00
CASSQDTDTQYF	TRBV13*00	TRBJ2-3*00
CASSQIADTQYF	TRBV7-9*00	TRBJ2-3*00
CASSQTGISLHF	TRBV3-1*00	TRBJ1-6*00
CASSQTTDTQYF	TRBV11-2*00	TRBJ2-3*00
CASSQTVNEQFF	TRBV6-1*00	TRBJ2-1*00
CASSQTGGEQFF	TRBV3-1*00	TRBJ2-1*00
CASSQNLGGQFF	TRBV28*00	TRBJ2-1*00
CASSQKNTEAFF	TRBV28*00	TRBJ1-1*00
CASSQFLGEQYF	TRBV4-2*00	TRBJ2-7*00
CASSQSQGELFF	TRBV11-1*00	TRBJ1-4*00
CASSQSTNEQFF	TRBV14*00	TRBJ2-1*00
CASSQSNYEQYF	TRBV11-1*00	TRBJ2-7*00
CASSQYGVSQYF	TRBV14*00	TRBJ2-5*00
CASSQYGETQYF	TRBV7-9*00	TRBJ2-5*00
CASSQPLNEQFF	TRBV28*00	TRBJ2-1*00
CASSQRGGEQFF	TRBV14*00	TRBJ2-1*00
CASSQHNNEQFF	TRBV3-1*00	TRBJ2-1*00
CASSQQAYGYTF	TRBV2*00	TRBJ1-2*00
CASSQQGTEAFF	TRBV27*00	TRBJ1-1*00
CASSQQTTEAFF	TRBV7-9*00	TRBJ1-1*00
CASSQVYREQYF	TRBV14*00	TRBJ2-7*00
CASSQVPGELFF	TRBV3-1*00	TRBJ2-2*00
CASSQVGHEQYF	TRBV3-1*00	TRBJ2-7*00
CASSQVYNEQFF	TRBV3-1*00	TRBJ2-1*00
CASSQVADMQYF	TRBV7-6*00	TRBJ2-3*00
CASSQVGDWTFF	TRBV14*00	TRBJ2-7*00
CASSQVGETQYF	TRBV14*00	TRBJ2-5*00
CASSQAPTEQFF	TRBV3-1*00	TRBJ2-1*00
CASSQAGLGLFF	TRBV3-1*00	TRBJ1-4*00
CASSQGTDTQYF	TRBV3-1*00	TRBJ2-3*00
CASSQGVGEQYF	TRBV13*00	TRBJ2-7*00
CASSQGGYEQFF	TRBV4-2*00	TRBJ2-1*00
CASSQGTGEAFF	TRBV6-5*00	TRBJ1-1*00
CASSQGRETQYF	TRBV14*00	TRBJ2-5*00
CASSQDLQEQFF	TRBV3-1*00	TRBJ2-1*00
CASSQDRGEAFF	TRBV3-1*00	TRBJ1-1*00
CASSQDDETQYF	TRBV3-1*00	TRBJ2-5*00
CASSQDGRAVRF	TRBV4-2*00	TRBJ2-4*00
CASSQDTGELFF	TRBV7-9*00	TRBJ2-2*00
CASSQDTGELFF	TRBV3-1*00	TRBJ2-2*00
CASSQERETQYF	TRBV3-1*00	TRBJ2-5*00
CASSQEGYEQYF	TRBV4-1*00	TRBJ2-7*00
CASSQEGVEAFF	TRBV4-2*00	TRBJ1-1*00
CASSQEDKVAFF	TRBV4-2*00	TRBJ1-1*00
CASSQETYGYTF	TRBV14*00	TRBJ1-2*00
CASSQERLGAFF	TRBV3-1*00	TRBJ1-1*00
CASSQEVGGYTF	TRBV14*00	TRBJ1-2*00
CASSQEVDTIYF	TRBV14*00	TRBJ1-3*00
CASSQEGFELFF	TRBV4-1*00	TRBJ1-4*00
CASSQEDNEQFF	TRBV14*00	TRBJ2-1*00
CASSQMGHEQFF	TRBV14*00	TRBJ2-1*00
CASSQTDLSQYF	TRBV2*00	TRBJ2-5*00
CASSQTDIEQFF	TRBV7-9*00	TRBJ2-1*00
CASSQSSGELFF	TRBV3-1*00	TRBJ2-2*00
CASSQNSYEQYF	TRBV14*00	TRBJ2-7*00
CASSQKLYEQFF	TRBV7-9*00	TRBJ2-1*00
CASSVVPEELFF	TRBV9*00	TRBJ2-2*00
CASSVAGDGQYF	TRBV7-6*00	TRBJ2-3*00
CASSVGNTEAFF	TRBV9*00	TRBJ1-1*00
CASSVTGYEQYF	TRBV5-6*00	TRBJ2-7*00
CASSVFLGEAFF	TRBV9*00	TRBJ1-1*00
CASSVPAGEAFF	TRBV9*00	TRBJ1-1*00
CASSVGSDTQYF	TRBV9*00	TRBJ2-3*00
CASSVGVDTQYF	TRBV9*00	TRBJ2-3*00
CASSVSYNEQFF	TRBV9*00	TRBJ2-1*00
CASSVRSTEAFF	TRBV5-5*00	TRBJ1-1*00
CASSVQGGGYTF	TRBV9*00	TRBJ1-2*00
CASSVGLYGYTF	TRBV5-6*00	TRBJ1-2*00
CASSVTNNEQFF	TRBV9*00	TRBJ2-1*00
CASSVNLGEQYF	TRBV9*00	TRBJ2-7*00
CASSVNTGELFF	TRBV9*00	TRBJ2-2*00
CASSVSYNEQFF	TRBV9*00	TRBJ2-1*00
CASSVSTGELFF	TRBV9*00	TRBJ2-2*00
CASSVVNGGYTF	TRBV9*00	TRBJ1-2*00
CASSVVDWELFF	TRBV9*00	TRBJ2-2*00
CASSVVGKEAFF	TRBV9*00	TRBJ1-1*00
CASSVVGKEAFF	TRBV9*00	TRBJ1-1*00
CASSVVTGELFF	TRBV9*00	TRBJ2-2*00
CASSVAFGELFF	TRBV9*00	TRBJ2-2*00
CASSVAFGSCFF	TRBV9*00	TRBJ2-2*00
CASSVAPSEQFF	TRBV9*00	TRBJ2-1*00
CASSVADGELFF	TRBV9*00	TRBJ2-2*00
CASSVAPGELFF	TRBV9*00	TRBJ2-2*00
CASSVAVGELFF	TRBV9*00	TRBJ2-2*00
CASSVAGETQYF	TRBV7-9*00	TRBJ2-5*00
CASSVGPDEQFF	TRBV9*00	TRBJ2-1*00
CASSVGPGELFF	TRBV9*00	TRBJ2-2*00
CASSVGLDTQYF	TRBV9*00	TRBJ2-3*00
CASSVGVNEQFF	TRBV9*00	TRBJ2-1*00
CASSVGVGEQYF	TRBV9*00	TRBJ2-7*00
CASSVGGVEQFF	TRBV9*00	TRBJ2-1*00
CASSVGDSTQYF	TRBV9*00	TRBJ2-7*00
CASSVGTGELFF	TRBV9*00	TRBJ2-2*00
CASSVGNSELFF	TRBV9*00	TRBJ2-1*00
CASSVGQYGYTF	TRBV9*00	TRBJ1-2*00
CASSVGTNEQFF	TRBV9*00	TRBJ2-1*00
CASSVDQGTQYF	TRBV9*00	TRBJ2-5*00
CASSVDGGEQYF	TRBV9*00	TRBJ2-7*00
CASSVDGDTQYF	TRBV9*00	TRBJ2-3*00
CASSVDGETQYF	TRBV9*00	TRBJ2-5*00
CASSVDINEQFF	TRBV9*00	TRBJ2-1*00
CASSVDRDEQYF	TRBV13*00	TRBJ2-7*00
CASSVDRNEQFF	TRBV9*00	TRBJ2-1*00
CASSVEFDIQYF	TRBV9*00	TRBJ2-4*00
CASSVEGGSRFF	TRBV9*00	TRBJ2-1*00
CASSVEGGGYTF	TRBV9*00	TRBJ1-2*00
CASSVTSGELFF	TRBV9*00	TRBJ2-2*00
CASSVTGREQYF	TRBV7-2*00	TRBJ2-7*00
CASSVSADTQYF	TRBV9*00	TRBJ2-3*00
CASSVNEAEAFF	TRBV9*00	TRBJ1-1*00
CASSVNSGEQFF	TRBV9*00	TRBJ2-1*00
CASSAYGETQYF	TRBV9*00	TRBJ2-5*00
CASSAPMGELFF	TRBV9*00	TRBJ2-2*00
CASSAATGELFF	TRBV27*00	TRBJ2-2*00
CASSAGSEELFF	TRBV7-9*00	TRBJ2-2*00
CASSAGSETQYF	TRBV5-6*00	TRBJ2-5*00
CASSARTGELFF	TRBV9*00	TRBJ2-2*00
CASSASFGEQFF	TRBV25-1*00	TRBJ2-1*00
CASSASGHEQYF	TRBV9*00	TRBJ2-7*00
CASSASGYEQYF	TRBV9*00	TRBJ2-7*00
CASSASIGEQFF	TRBV9*00	TRBJ2-1*00
CASSAPYNEQFF	TRBV6-1*00	TRBJ2-1*00
CASSAPGPEAFF	TRBV2*00	TRBJ1-1*00
CASSAPTNEQFF	TRBV7-9*00	TRBJ2-1*00
CASSAGGNEQFF	TRBV9*00	TRBJ2-1*00
CASSAGGGEQCF	TRBV13*00	TRBJ2-7*00
CASSASMGPRYF	TRBV9*00	TRBJ2-7*00
CASSARVNEQFF	TRBV7-9*00	TRBJ2-1*00
CASSAFVYEQYF	TRBV28*00	TRBJ2-7*00
CASSAGIYGYTF	TRBV9*00	TRBJ1-2*00
CASSAGGNEQFF	TRBV5-4*00	TRBJ2-1*00
CASSAGNDEQFF	TRBV9*00	TRBJ2-1*00
CASSADLDTQYF	TRBV5-5*00	TRBJ2-3*00
CASSADGYEQYF	TRBV9*00	TRBJ2-7*00
CASSATSGELFF	TRBV9*00	TRBJ2-2*00
CASSANGNIQYF	TRBV9*00	TRBJ2-4*00
CASSASYGEQFF	TRBV9*00	TRBJ2-1*00
CASSASGGEQYF	TRBV9*00	TRBJ2-7*00
CASSALGDTQYF	TRBV7-9*00	TRBJ2-3*00
CASSAPAGELFF	TRBV9*00	TRBJ2-2*00
CASSAGADTQYF	TRBV9*00	TRBJ2-3*00
CASSAGEETQYF	TRBV7-6*00	TRBJ2-5*00
CASSAGNTGYTF	TRBV7-2*00	TRBJ1-2*00
CASSATRNEQFF	TRBV12-3*00	TRBJ2-1*00
CASSGRNNEQFF	TRBV2*00	TRBJ2-1*00
CASSGRDYGYTF	TRBV9*00	TRBJ1-2*00
CASSGRGDEQFF	TRBV9*00	TRBJ2-1*00
CASSGSRAEAFF	TRBV25-1*00	TRBJ1-1*00
CASSGSNTEAFF	TRBV11-3*00	TRBJ1-1*00
CASSGLQVGYTF	TRBV5-6*00	TRBJ1-2*00
CASSGVMDKQFF	TRBV7-6*00	TRBJ2-1*00
CASSGANTEAFF	TRBV7-9*00	TRBJ1-1*00
CASSGGSYEQYF	TRBV7-9*00	TRBJ2-7*00
CASSGGAAEQFF	TRBV7-9*00	TRBJ2-1*00
CASSGGTPFRFF	TRBV9*00	TRBJ2-1*00
CASSGDAYEQYF	TRBV12-3*00	TRBJ2-7*00
CASSGDREGQFF	TRBV7-9*00	TRBJ2-1*00
CASSGEGFEQFF	TRBV7-9*00	TRBJ2-1*00
CASSGTEFEAFF	TRBV7-9*00	TRBJ1-1*00
CASSGSGNTIYF	TRBV9*00	TRBJ1-3*00
CASSGLGNEQFF	TRBV5-6*00	TRBJ2-1*00
CASSGRLDEQFF	TRBV7-9*00	TRBJ2-1*00
CASSGAGGEAFF	TRBV13*00	TRBJ1-1*00
CASSGGYGELFF	TRBV14*00	TRBJ2-2*00
CASSGGANVLTF	TRBV2*00	TRBJ2-6*00
CASSGDSETQYF	TRBV5-6*00	TRBJ2-5*00
CASSGDYNEQFF	TRBV11-2*00	TRBJ2-1*00
CASSGIQETQYF	TRBV9*00	TRBJ2-5*00
CASSGTQGTQYF	TRBV2*00	TRBJ2-5*00
CASSGTDTEAFF	TRBV11-3*00	TRBJ1-1*00
CASSDFMDEQFF	TRBV11-3*00	TRBJ2-1*00
CASSDGQGVAFF	TRBV5-4*00	TRBJ1-1*00
CASSDDSNEQFF	TRBV5-8*00	TRBJ2-1*00
CASSDFGQKAFF	TRBV7-6*00	TRBJ1-1*00
CASSDYWNEQFF	TRBV9*00	TRBJ2-1*00
CASSDLRDEQFF	TRBV7-9*00	TRBJ2-1*00
CASSDPRQGQFF	TRBV9*00	TRBJ2-1*00
CASSDTWDTQYF	TRBV13*00	TRBJ2-3*00
CASSDTGSGYTF	TRBV9*00	TRBJ1-2*00
CASSDRVHEQYF	TRBV3-1*00	TRBJ2-7*00
CASSDRAETQYF	TRBV27*00	TRBJ2-5*00
CASSDNTDTQYF	TRBV7-6*00	TRBJ2-3*00
CASSESNNEQFF	TRBV9*00	TRBJ2-1*00
CASSEPTGELFF	TRBV5-6*00	TRBJ2-2*00
CASSEGRGELFF	TRBV6-2*00	TRBJ2-2*00
CASSEGRDEQYF	TRBV5-4*00	TRBJ2-7*00
CASSEEGYEQYF	TRBV6-1*00	TRBJ2-7*00
CASSESNYGYTF	TRBV7-9*00	TRBJ1-2*00
CASSENTDTQYF	TRBV9*00	TRBJ2-3*00
CASSESGYGYTF	TRBV7-9*00	TRBJ1-2*00
CASSESGGWAFF	TRBV7-6*00	TRBJ1-1*00
CASSEAYTEAFF	TRBV7-9*00	TRBJ1-1*00
CASSEAADTQYF	TRBV12-3*00	TRBJ2-3*00
CASSEGGETQYF	TRBV14*00	TRBJ2-5*00
CASSEGRGTVFF	TRBV13*00	TRBJ1-1*00
CASSEGGQGAFF	TRBV5-6*00	TRBJ1-1*00
CASSIGTPEAFF	TRBV13*00	TRBJ1-1*00
CASSIGLGEQFF	TRBV11-3*00	TRBJ2-1*00
CASSIDPTEAFF	TRBV7-9*00	TRBJ1-1*00
CASSMGTYEQYF	TRBV5-6*00	TRBJ2-7*00
CASSMDRETQYF	TRBV5-4*00	TRBJ2-5*00
CASSMTGVEQFF	TRBV12-3*00	TRBJ2-7*00
CASSMSGGELFF	TRBV5-4*00	TRBJ2-2*00
CASSIYSYGYTF	TRBV9*00	TRBJ1-2*00
CASSIVDHEQFF	TRBV21-1*00	TRBJ2-1*00
CASSIGPNIQYF	TRBV5-6*00	TRBJ2-4*00
CASSIDRTEAFF	TRBV7-2*00	TRBJ1-1*00
CASSTLNTEAFF	TRBV14*00	TRBJ1-1*00
CASSTDTGELFF	TRBV7-6*00	TRBJ2-2*00
CASSTTGNEQYF	TRBV6-5*00	TRBJ2-7*00
CASSTSTDTQYF	TRBV5-6*00	TRBJ2-3*00
CASSTRADEQYF	TRBV11-2*00	TRBJ2-7*00
CASSTLGETQYF	TRBV7-9*00	TRBJ2-5*00
CASSTLQETQYF	TRBV13*00	TRBJ2-5*00
CASSTPSYEQFF	TRBV9*00	TRBJ2-1*00
CASSTHAETQYF	TRBV27*00	TRBJ2-5*00
CASSTQSAEQFF	TRBV9*00	TRBJ2-1*00
CASSTGVGEQFF	TRBV5-4*00	TRBJ2-1*00
CASSTGVDTQYF	TRBV7-6*00	TRBJ2-3*00
CASSTDSYEQYF	TRBV6-6*00	TRBJ2-7*00
CASSTYQETQYF	TRBV11-2*00	TRBJ2-5*00
CASSTGGYEQYF	TRBV12-3*00	TRBJ2-7*00
CASSTDRTEAFF	TRBV5-4*00	TRBJ1-1*00
CASSTRQGEQYF	TRBV7-9*00	TRBJ2-7*00
CASSTGVETQYF	TRBV7-6*00	TRBJ2-5*00
CASSTGGEIQYF	TRBV11-2*00	TRBJ2-5*00
CASSTGDYEQYF	TRBV13*00	TRBJ2-7*00
CASSTKNNEQFF	TRBV11-3*00	TRBJ2-1*00
CASSSGLNEQYF	TRBV13*00	TRBJ2-7*00
CASSRSAGELFF	TRBV27*00	TRBJ2-2*00
CASSRRADGYTF	TRBV27*00	TRBJ1-2*00
CASSRAYNEQFF	TRBV7-9*00	TRBJ2-1*00
CASSRAGGEQFF	TRBV7-9*00	TRBJ2-1*00
CASSRDLYEQFF	TRBV28*00	TRBJ2-1*00
CASSRDLNEQFF	TRBV7-9*00	TRBJ2-1*00
CASSRDRGTQYF	TRBV12-3*00	TRBJ2-5*00
CASSRTPVEQYF	TRBV7-9*00	TRBJ2-7*00
CASSRQADTQYF	TRBV28*00	TRBJ2-3*00
CASSRAENGYTF	TRBV21-1*00	TRBJ1-2*00
CASSRGGGEQFF	TRBV11-2*00	TRBJ2-1*00
CASSRGGNEQFF	TRBV7-8*00	TRBJ2-1*00
CASSREQNIQYF	TRBV9*00	TRBJ2-4*00
CASSNYRYEQYF	TRBV11-2*00	TRBJ2-7*00
CASSNQGTEAFF	TRBV13*00	TRBJ1-1*00
CASSNASYEQYF	TRBV14*00	TRBJ2-7*00
CASSNGPTEAFF	TRBV21-1*00	TRBJ1-1*00
CASSNPGNEQFF	TRBV9*00	TRBJ2-1*00
CASSNGGGEQYF	TRBV9*00	TRBJ2-7*00
CASSNGRNEQYF	TRBV9*00	TRBJ2-7*00
CASSNRDNEQFF	TRBV6-4*00	TRBJ2-1*00
CASSNNVGEQFF	TRBV27*00	TRBJ2-1*00
CASSNNRVEQFF	TRBV7-9*00	TRBJ2-1*00
CASSKAVNEQFF	TRBV7-2*00	TRBJ2-1*00
CASSKTTGELFF	TRBV13*00	TRBJ2-2*00
CASSKRTGELFF	TRBV7-9*00	TRBJ2-2*00
CASSKHTHTQYF	TRBV7-9*00	TRBJ2-3*00
CASSKGTGELFF	TRBV7-8*00	TRBJ2-2*00
CASSKGGNEQFF	TRBV11-3*00	TRBJ2-1*00
CASSKDDRELFF	TRBV7-9*00	TRBJ1-4*00
CASRFSGNEQFF	TRBV12-3*00	TRBJ2-1*00
CASRLVAYEQYF	TRBV6-1*00	TRBJ2-7*00
CASRLGSGEQFF	TRBV2*00	TRBJ2-1*00
CASRSRSYEQYF	TRBV2*00	TRBJ2-7*00
CASRSDTDTQYF	TRBV2*00	TRBJ2-3*00
CASRSAPYGYTF	TRBV6-1*00	TRBJ1-2*00
CASRSGGTEAFF	TRBV11-2*00	TRBJ1-1*00
CASRYRGDEQYF	TRBV2*00	TRBJ2-7*00
CASRPYTGELFF	TRBV2*00	TRBJ2-2*00
CASRPAPYEQYF	TRBV2*00	TRBJ2-7*00
CASRPITGELFF	TRBV28*00	TRBJ2-2*00
CASRPSPYEQYF	TRBV2*00	TRBJ2-7*00
CASRPLAGGQFF	TRBV7-9*00	TRBJ2-1*00
CASRPPGNEQFF	TRBV2*00	TRBJ2-1*00
CASRPQMLPQHF	TRBV28*00	TRBJ1-5*00
CASRPGRGEAFF	TRBV5-4*00	TRBJ1-1*00
CASRPWGDEQFF	TRBV2*00	TRBJ2-1*00
CASRPGPGELLF	TRBV12-3*00	TRBJ2-2*00
CASRPGSGELFF	TRBV28*00	TRBJ2-2*00
CASRRGENEQFF	TRBV9*00	TRBJ2-1*00
CASRQGYNEQFF	TRBV12-3*00	TRBJ2-1*00
CASRQGADTQYF	TRBV4-2*00	TRBJ2-3*00
CASRQRDPEQFF	TRBV7-9*00	TRBJ2-1*00
CASRVSTDTQYF	TRBV2*00	TRBJ2-3*00
CASRVETGELFF	TRBV27*00	TRBJ2-2*00
CASRVWQDEQFF	TRBV2*00	TRBJ2-1*00
CASRAGNYEQYF	TRBV7-2*00	TRBJ2-7*00
CASRAPSDEQFF	TRBV6-5*00	TRBJ2-1*00
CASRAGLEAQYF	TRBV6-5*00	TRBJ2-5*00
CASRAMGTEAFF	TRBV11-1*00	TRBJ1-1*00
CASRAGGYEQYF	TRBV12-3*00	TRBJ2-7*00
CASRASSTEAFF	TRBV7-9*00	TRBJ1-1*00
CASRGGLETQYF	TRBV27*00	TRBJ2-5*00
CASRGDSYEQYF	TRBV14*00	TRBJ2-7*00
CASRGTFYEQYF	TRBV2*00	TRBJ2-7*00
CASRGSTDTQYF	TRBV6-5*00	TRBJ2-3*00
CASRGRAHEQFF	TRBV28*00	TRBJ2-1*00
CASRGLNQPQHF	TRBV27*00	TRBJ1-5*00
CASRGVWDTQYF	TRBV2*00	TRBJ2-3*00
CASRGAAYEQYF	TRBV2*00	TRBJ2-7*00
CASRGGFNEQFF	TRBV2*00	TRBJ2-1*00
CASRGGYNEQFF	TRBV2*00	TRBJ2-1*00
CASRGGPYEQYF	TRBV27*00	TRBJ2-7*00
CASRGDKFEAFF	TRBV6-1*00	TRBJ1-1*00
CASRGMSGELFF	TRBV28*00	TRBJ2-2*00
CASRGTVYEQYF	TRBV2*00	TRBJ2-7*00
CASRGLAGELFF	TRBV6-2*00	TRBJ2-2*00
CASRDGQGEAFF	TRBV6-4*00	TRBJ1-1*00
CASRDDTDTQYF	TRBV28*00	TRBJ2-3*00
CASRDPYNEQFF	TRBV6-1*00	TRBJ2-1*00
CASRDRRHEQFF	TRBV2*00	TRBJ2-1*00
CASRDGGDTQYF	TRBV2*00	TRBJ2-3*00
CASRDSGYGYTF	TRBV7-9*00	TRBJ1-2*00
CASRDRVYEQYF	TRBV2*00	TRBJ2-7*00
CASRDRGFEQFF	TRBV12-3*00	TRBJ2-1*00
CASREAGAEAFF	TRBV28*00	TRBJ1-1*00
CASREGGNEQFF	TRBV12-3*00	TRBJ2-1*00
CASRETSYEQYF	TRBV2*00	TRBJ2-7*00
CASREQGDTQYF	TRBV2*00	TRBJ2-3*00
CASRIGKETQYF	TRBV11-2*00	TRBJ2-5*00
CASRMGNTEAFF	TRBV6-5*00	TRBJ1-1*00
CASRIGSGELFF	TRBV27*00	TRBJ2-2*00
CASRTPAYEQYF	TRBV6-5*00	TRBJ2-7*00
CASRTGAYEQYF	TRBV25-1*00	TRBJ2-7*00
CASRTGTGELFF	TRBV2*00	TRBJ2-2*00
CASRTGPYGYTF	TRBV2*00	TRBJ1-2*00
CASRTGPLEQYF	TRBV27*00	TRBJ2-7*00
CASRTGTYEQYF	TRBV27*00	TRBJ2-7*00
CASRTGTDEQFF	TRBV7-6*00	TRBJ2-1*00
CASRTTGAEQYF	TRBV28*00	TRBJ2-7*00
CASRNPAGELFF	TRBV12-3*00	TRBJ2-2*00
CASRKGSTEAFF	TRBV2*00	TRBJ1-1*00
CASRKQGTGYTF	TRBV2*00	TRBJ1-2*00
CASRKDAYEQYF	TRBV11-2*00	TRBJ2-7*00
CASRLASGSIYF	TRBV2*00	TRBJ2-7*00
CASRLYPDTQYF	TRBV2*00	TRBJ2-3*00
CASRLDPYEQYF	TRBV7-9*00	TRBJ2-7*00
CASRSSLNEQFF	TRBV6-5*00	TRBJ2-1*00
CASRSLTDTQYF	TRBV27*00	TRBJ2-3*00
CASRSIPDTQYF	TRBV6-6*00	TRBJ2-3*00
CASRSGQAEQFF	TRBV11-1*00	TRBJ2-1*00
CASRWGAHRQYF	TRBV6-6*00	TRBJ2-7*00
CASRYRGHEAFF	TRBV12-3*00	TRBJ1-1*00
CASRLGGGELFF	TRBV28*00	TRBJ2-2*00
CASRLTKETQYF	TRBV28*00	TRBJ2-5*00
CASRLGSSEQYF	TRBV14*00	TRBJ2-7*00
CASRPGSGEAFF	TRBV7-9*00	TRBJ1-1*00
CASRPSTGELFF	TRBV7-3*00	TRBJ2-2*00
CASRPGSGEAFF	TRBV7-9*00	TRBJ1-1*00
CASRRREDEQFF	TRBV6-6*00	TRBJ2-1*00
CASRRGSQPQHF	TRBV28*00	TRBJ1-5*00
CASRRTVWEQFF	TRBV6-8*00	TRBJ2-1*00
CASRRTGTEAFF	TRBV27*00	TRBJ1-1*00
CASRRAYNEQFF	TRBV13*00	TRBJ2-1*00
CASRRMGHGYTF	TRBV27*00	TRBJ1-2*00
CASRRTVGELFF	TRBV6-5*00	TRBJ2-2*00
CASRHNTGELFF	TRBV11-3*00	TRBJ2-2*00
CASRQGLDTQYF	TRBV14*00	TRBJ2-3*00
CASRQGGTEAFF	TRBV2*00	TRBJ1-1*00
CASRQGYNGYTF	TRBV9*00	TRBJ1-2*00
CASRQGASEAFF	TRBV28*00	TRBJ1-1*00
CASRQMNTEAFF	TRBV2*00	TRBJ1-1*00
CASRQTPYEQYF	TRBV27*00	TRBJ2-7*00
CASRQSTDTQYF	TRBV11-2*00	TRBJ2-3*00
CASRVLVYEQYF	TRBV2*00	TRBJ2-7*00
CASRASSWEQFF	TRBV7-2*00	TRBJ2-1*00
CASRAPDGGQYF	TRBV2*00	TRBJ2-7*00
CASRAGPDTQYF	TRBV2*00	TRBJ2-3*00
CASRGGGYEQYF	TRBV6-1*00	TRBJ2-7*00
CASRGIPYEQYF	TRBV6-1*00	TRBJ2-7*00
CASRGPYNEQFF	TRBV2*00	TRBJ2-1*00
CASRGAWNEQYF	TRBV28*00	TRBJ2-7*00
CASRGGNTEAFF	TRBV7-9*00	TRBJ1-1*00
CASRGGPYEQFF	TRBV2*00	TRBJ2-1*00
CASRGDILQAFF	TRBV2*00	TRBJ1-1*00
CASRGTPGELFF	TRBV6-5*00	TRBJ2-2*00
CASRGLYNEQFF	TRBV7-6*00	TRBJ2-1*00
CASRGPRDGYTF	TRBV2*00	TRBJ1-2*00
CASRGQDYEQNF	TRBV12-3*00	TRBJ2-7*00
CASREYNNEQFF	TRBV6-4*00	TRBJ2-1*00
CASREGAGELFF	TRBV7-9*00	TRBJ2-2*00
CASREAGTGAFF	TRBV28*00	TRBJ1-1*00
CASREGWYEQYF	TRBV2*00	TRBJ2-7*00
CASREGNAEQYF	TRBV7-9*00	TRBJ2-7*00
CASRETENEQFF	TRBV2*00	TRBJ2-1*00
CASRTTRETQYF	TRBV7-9*00	TRBJ2-5*00
CASRTSPPWRYF	TRBV2*00	TRBJ2-3*00
CASRTPGGPQYF	TRBV27*00	TRBJ2-7*00
CASRTSPGTQYF	TRBV7-9*00	TRBJ2-5*00
CASRSGFYEQYF	TRBV28*00	TRBJ2-7*00
CASRRTRGEQFF	TRBV2*00	TRBJ2-1*00
CASRRTQETQYF	TRBV12-3*00	TRBJ2-5*00
CASRNQGREQYF	TRBV28*00	TRBJ2-7*00
CASRNRVYEQYF	TRBV2*00	TRBJ2-7*00
CASRKPTGELFF	TRBV27*00	TRBJ2-2*00
CASRKGTDTQYF	TRBV7-9*00	TRBJ2-3*00
CASNFPDNEQFF	TRBV28*00	TRBJ2-1*00
CASNPQGAEAFF	TRBV2*00	TRBJ1-1*00
CASNRANYEQYF	TRBV2*00	TRBJ2-7*00
CASNQGATEAFF	TRBV6-1*00	TRBJ1-1*00
CASNGNRNEQFF	TRBV2*00	TRBJ2-1*00
CASNDNNYGYTF	TRBV28*00	TRBJ1-2*00
CASNERGETQYF	TRBV28*00	TRBJ2-5*00
CASNKGLYEQYF	TRBV28*00	TRBJ2-7*00
CASNFVGNGYTF	TRBV7-9*00	TRBJ1-2*00
CASNLVPTEQFF	TRBV7-6*00	TRBJ2-1*00
CASNSGSETQYF	TRBV12-3*00	TRBJ2-5*00
CASNSGRTEAFF	TRBV6-6*00	TRBJ1-1*00
CASNPATGELFF	TRBV7-9*00	TRBJ2-2*00
CASNHDGYEQFF	TRBV7-9*00	TRBJ2-1*00
CASNQPLTEAFF	TRBV2*00	TRBJ1-1*00
CASNANTGELFF	TRBV6-2*00	TRBJ2-2*00
CASNGGGNEQFF	TRBV25-1*00	TRBJ2-1*00
CASNERVTEAFF	TRBV6-1*00	TRBJ1-1*00
CASNEGREKLFF	TRBV28*00	TRBJ1-4*00
CASNINTGELFF	TRBV9*00	TRBJ2-2*00
CASNIYTDTQYF	TRBV5-8*00	TRBJ2-3*00
CASNTGGREQFF	TRBV7-6*00	TRBJ2-1*00
CASNRVGYGYTF	TRBV9*00	TRBJ1-2*00
CASNNGGDTQYF	TRBV2*00	TRBJ2-3*00
CASKPGNTEAFF	TRBV7-9*00	TRBJ1-1*00
CASKARGVKQFF	TRBV2*00	TRBJ2-1*00
CASKGEGGELFF	TRBV28*00	TRBJ2-2*00
CASKDRGYEQYF	TRBV7-9*00	TRBJ2-7*00
CASKERTDTQYF	TRBV2*00	TRBJ2-3*00
CASKEAEETQYF	TRBV2*00	TRBJ2-5*00
CASKEGNSPLHF	TRBV6-1*00	TRBJ1-6*00
CASKRGNTEAFF	TRBV5-4*00	TRBJ1-1*00
CASKQLGEKLFF	TRBV28*00	TRBJ1-4*00
CASKAGGETQYF	TRBV12-3*00	TRBJ2-5*00
CASKGGYNEQFF	TRBV2*00	TRBJ2-1*00
CASKDTSTEAFF	TRBV6-6*00	TRBJ1-1*00
CASKDRIYGYTF	TRBV2*00	TRBJ1-2*00
CASKDRYNEQFF	TRBV7-9*00	TRBJ2-1*00
CASKKGGKGAFF	TRBV6-1*00	TRBJ1-1*00
CASKKGGYEQFF	TRBV27*00	TRBJ2-1*00
CARGWSADTQYF	TRBV2*00	TRBJ2-3*00
CAREIAPYEQYF	TRBV21-1*00	TRBJ2-7*00
CARTEMNTEAFF	TRBV2*00	TRBJ1-1*00
CARSPYRDTQYF	TRBV12-3*00	TRBJ2-3*00
CARSLGGGELFF	TRBV19*00	TRBJ2-2*00
CARPATVEGYTF	TRBV2*00	TRBJ1-2*00
CARGDSGTEAFF	TRBV2*00	TRBJ1-1*00
CARTTGGGEQFF	TRBV12-3*00	TRBJ2-1*00
CARSLEYTEAFF	TRBV12-3*00	TRBJ1-1*00
CARRLADNEQFF	TRBV2*00	TRBJ2-1*00
CARKLGTGELFF	TRBV7-9*00	TRBJ2-2*00
CANTDGYNEQFF	TRBV5-4*00	TRBJ2-1*00
CANRVPYNEQYF	TRBV2*00	TRBJ2-1*00
CANGRWGNEQFF	TRBV27*00	TRBJ2-1*00
CANSSGGGELFF	TRBV12-3*00	TRBJ2-2*00
CANSLGGNEQFF	TRBV12-3*00	TRBJ2-1*00
CANNLQTGELFF	TRBV12-3*00	TRBJ2-2*00
CANKRGAGEPFF	TRBV2*00	TRBJ2-2*00
CAKLGGTGELFF	TRBV2*00	TRBJ2-2*00
CAKGQGGQPQHF	TRBV9*00	TRBJ1-5*00
CAAGGRTYGYTF	TRBV2*00	TRBJ1-2*00
CAARGNTGELVF	TRBV27*00	TRBJ2-2*00
CATMAGPGELFF	TRBV24-1*00	TRBJ2-2*00
CATGAYQETQYF	TRBV27*00	TRBJ2-5*00
CATGQSIYGYTF	TRBV27*00	TRBJ1-2*00
CASIDRRETQYF	TRBV6-5*00	TRBJ2-5*00
CASSYSDNEQFF	TRBV6-6*00	TRBJ2-1*00
CAKDANNSPLHF	TRBV19*00	TRBJ1-6*00
CASQGGNEKLFF	TRBV19*00	TRBJ1-4*00
CAVAGQNEILFF	TRBV7-9*00	TRBJ1-4*00
CAINRWDGELFF	TRBV12-3*00	TRBJ2-2*00
CAIGRQGYGYTF	TRBV7-2*00	TRBJ1-2*00
CASSFPGRELFF	TRBV27*00	TRBJ2-2*00
CASSVVVYEQYF	TRBV28*00	TRBJ2-7*00
CASSPRDTEAFF	TRBV13*00	TRBJ1-1*00
CANRGKLNEQFF	TRBV7-9*00	TRBJ2-1*00
CGSSPPTVEAFF	TRBV18*00	TRBJ1-1*00
CGSSFSGNEQFF	TRBV12-3*00	TRBJ2-1*00
CGSSSLGEEQFF	TRBV7-9*00	TRBJ2-1*00
CGSSLEANEQFF	TRBV5-5*00	TRBJ2-1*00
CGSSPRVMPQHF	TRBV12-3*00	TRBJ1-5*00
CGTGDSYYEQFF	TRBV6-5*00	TRBJ2-7*00
CDSVAGRHEQFF	TRBV2*00	TRBJ2-1*00
CDSSFMGDTQYF	TRBV7-9*00	TRBJ2-3*00
CDSKGGGETQYF	TRBV28*00	TRBJ2-5*00
CILAGCRETQYF	TRBV11-2*00	TRBJ2-5*00
CTSINGGETQYF	TRBV7-9*00	TRBJ2-5*00
CTSSYPAGELFF	TRBV7-9*00	TRBJ2-2*00
CTSSQVYETQYF	TRBV3-1*00	TRBJ2-5*00
CTLGQEGYTQYF	TRBV6-5*00	TRBJ2-3*00
CSATLIYNEQFF	TRBV20-1*00	TRBJ2-1*00
CSAHKRQETQYF	TRBV20-1*00	TRBJ2-5*00
CSSSQGDGEQFF	TRBV4-1*00	TRBJ2-1*00
CVSSRDPNEQFF	TRBV10-2*00	TRBJ2-1*00
CASSQDVFEQFF	TRBV4-1*00	TRBJ2-1*00
CASSGGDREQYF	TRBV4-1*00	TRBJ2-7*00
CASRGGAGELFF	TRBV4-1*00	TRBJ2-2*00
CACSPWGETQYF	TRBV4-1*00	TRBJ2-5*00
CAVINGVYGYTF	TRBV10-2*00	TRBJ1-2*00
CAGSQHTGELFF	TRBV4-1*00	TRBJ2-2*00
CAIPGVGGELFF	TRBV5-1*00	TRBJ2-2*00
CATSGEGETQYF	TRBV5-1*00	TRBJ2-5*00
CATPDPTGELFF	TRBV5-1*00	TRBJ2-2*00
CATRMNTGELFF	TRBV5-1*00	TRBJ2-2*00
CASSPGGDEQFF	TRBV18*00	TRBJ2-1*00
CASCWDRNIQYF	TRBV10-1*00	TRBJ2-4*00
CASWRAYNEQFF	TRBV23-1*00	TRBJ2-1*00
CASRDSNEKLFF	TRBV5-1*00	TRBJ1-4*00
CASRQGGGEQYF	TRBV5-1*00	TRBJ2-7*00
CASVASTGELFF	TRBV10-2*00	TRBJ2-2*00
CASGTGSSEQFF	TRBV4-1*00	TRBJ2-1*00
CASGGMNNEQFF	TRBV5-1*00	TRBJ2-1*00
CASGTDYNEQFF	TRBV5-1*00	TRBJ2-1*00
CASGPSNTEAFF	TRBV10-2*00	TRBJ1-1*00
CASILGGNEQFF	TRBV5-1*00	TRBJ2-1*00
CASTPNTGELFF	TRBV5-1*00	TRBJ2-2*00
CASTKGATEAFF	TRBV28*00	TRBJ1-1*00
CASTHSYNEQFF	TRBV6-1*00	TRBJ2-1*00
CASTREGTEAFF	TRBV5-1*00	TRBJ1-1*00
CASTTGNTEAFF	TRBV10-2*00	TRBJ1-1*00
CASSFSGKEQFF	TRBV5-1*00	TRBJ2-1*00
CASSFGYDEQFF	TRBV10-1*00	TRBJ2-1*00
CASSLANNEQFF	TRBV5-1*00	TRBJ2-1*00
CASSLEREKLFF	TRBV12-3*00	TRBJ1-4*00
CASSLQGEPQHF	TRBV5-1*00	TRBJ1-5*00
CASSLGYNEQFF	TRBV10-1*00	TRBJ2-1*00
CASSLNNYGYTF	TRBV10-2*00	TRBJ1-2*00
CASSPGDYGYTF	TRBV10-1*00	TRBJ1-2*00
CASSPGRTKAFF	TRBV5-1*00	TRBJ1-1*00
CASSPGNLVYTF	TRBV4-1*00	TRBJ1-2*00
CASSPDSGEQYF	TRBV5-1*00	TRBJ2-7*00
CASSRDGETQYF	TRBV23-1*00	TRBJ2-5*00
CASSRNTGELFF	TRBV12-3*00	TRBJ2-2*00
CASSHSGETQYF	TRBV4-1*00	TRBJ2-5*00
CASSHLTYEQYF	TRBV23-1*00	TRBJ2-7*00
CASSHDTGELFF	TRBV10-2*00	TRBJ2-2*00
CASSATAYEQYF	TRBV10-1*00	TRBJ2-7*00
CASSAGSDTQYF	TRBV10-2*00	TRBJ2-3*00
CASSGGSYEQYF	TRBV10-2*00	TRBJ2-7*00
CASSGLAYEQYF	TRBV10-2*00	TRBJ2-7*00
CASSDGAGEQFF	TRBV10-1*00	TRBJ2-1*00
CASSDPTGKLFF	TRBV12-1*00	TRBJ1-4*00
CASSDPFYEQYF	TRBV10-2*00	TRBJ2-7*00
CASSDQGSEQFF	TRBV10-1*00	TRBJ2-1*00
CASSDGDYEQYF	TRBV10-1*00	TRBJ2-7*00
CASSDISYEQYF	TRBV10-2*00	TRBJ2-7*00
CASSDRNYGYTF	TRBV10-2*00	TRBJ1-2*00
CASSESYNEQFF	TRBV10-2*00	TRBJ2-1*00
CASSESGREAFF	TRBV10-2*00	TRBJ1-1*00
CASSESNTEAFF	TRBV10-2*00	TRBJ1-1*00
CASSEWGDTQYF	TRBV10-2*00	TRBJ2-3*00
CASSEYRGEQFF	TRBV10-2*00	TRBJ2-1*00
CASSEAGETQYF	TRBV10-2*00	TRBJ2-5*00
CASSEGGETQYF	TRBV10-2*00	TRBJ2-5*00
CASSEFRRVAYF	TRBV10-2*00	TRBJ1-1*00
CASSESLGTQYF	TRBV10-1*00	TRBJ2-5*00
CASSELGRELFF	TRBV10-2*00	TRBJ2-2*00
CASSEGGTEQFF	TRBV10-2*00	TRBJ2-1*00
CASSEGGLRAFF	TRBV10-2*00	TRBJ1-1*00
CASSEIRETQYF	TRBV6-1*00	TRBJ2-5*00
CASSESSYEQYF	TRBV10-2*00	TRBJ2-7*00
CASSERLRDAFF	TRBV10-1*00	TRBJ1-1*00
CASSFLSKKLFF	TRBV5-1*00	TRBJ1-4*00
CASSFGGETQYF	TRBV5-1*00	TRBJ2-5*00
CASSFGTGELFF	TRBV5-1*00	TRBJ2-2*00
CASSFDSTEAFF	TRBV5-1*00	TRBJ1-1*00
CASSFYGPEAFF	TRBV5-1*00	TRBJ1-1*00
CASSFGSYEQYF	TRBV5-1*00	TRBJ2-7*00
CASSFTSYEQYF	TRBV5-1*00	TRBJ2-7*00
CASSLLLGEAFF	TRBV5-1*00	TRBJ1-1*00
CASSLSTDEAFF	TRBV5-1*00	TRBJ1-1*00
CASSLSYNERFF	TRBV5-1*00	TRBJ2-1*00
CASSLWADTQYF	TRBV5-1*00	TRBJ2-3*00
CASSLLSGELFF	TRBV5-1*00	TRBJ2-2*00
CASSLLDTEAFF	TRBV5-1*00	TRBJ1-1*00
CASSLLNTEAFF	TRBV5-8*00	TRBJ1-1*00
CASSLVLPEQFF	TRBV5-1*00	TRBJ2-1*00
CASSLVGRRAFF	TRBV5-1*00	TRBJ1-1*00
CASSLVEPTGVF	TRBV5-1*00	TRBJ2-1*00
CASSLVLNEQFF	TRBV5-1*00	TRBJ2-1*00
CASSLASGIQYF	TRBV5-1*00	TRBJ2-4*00
CASSLGGYEQYF	TRBV5-1*00	TRBJ2-7*00
CASSLGGREAFF	TRBV5-1*00	TRBJ1-1*00
CASSLGTGEAFF	TRBV5-1*00	TRBJ1-1*00
CASSLGREQQFF	TRBV5-1*00	TRBJ2-1*00
CASSLGYTEAFF	TRBV5-1*00	TRBJ1-1*00
CASSLDVGELFF	TRBV5-1*00	TRBJ2-2*00
CASSLDQRGYTF	TRBV5-1*00	TRBJ1-2*00
CASSLDSLVLHF	TRBV5-1*00	TRBJ1-6*00
CASSLESGYAFF	TRBV5-1*00	TRBJ1-1*00
CASSLEVNEQFF	TRBV5-1*00	TRBJ2-1*00
CASSLEAGEQFF	TRBV5-1*00	TRBJ2-1*00
CASSLEIDEQFF	TRBV5-1*00	TRBJ2-1*00
CASSLRSGELFF	TRBV5-1*00	TRBJ2-2*00
CASSLGSGELFF	TRBV11-2*00	TRBJ2-2*00
CASSLDVETQYF	TRBV11-2*00	TRBJ2-5*00
CASSLDGVEAFF	TRBV11-2*00	TRBJ1-1*00
CASSSGQETQYF	TRBV5-1*00	TRBJ2-5*00
CASSSDSYDQYF	TRBV5-1*00	TRBJ2-7*00
CASSSGYNEQFF	TRBV5-1*00	TRBJ2-1*00
CASSSDGYEQYF	TRBV5-1*00	TRBJ2-7*00
CASSSEAHEQYF	TRBV5-1*00	TRBJ2-7*00
CASSSLHRGWYF	TRBV5-1*00	TRBJ2-3*00
CASSSQEDTQYF	TRBV5-1*00	TRBJ2-3*00
CASSSTDNEQFF	TRBV9*00	TRBJ2-1*00
CASSSNTDTQYF	TRBV5-1*00	TRBJ2-3*00
CASSWGRQEQYF	TRBV5-4*00	TRBJ2-7*00
CASSLDSYGYTF	TRBV5-1*00	TRBJ1-2*00
CASSLGTGGYTF	TRBV5-1*00	TRBJ1-2*00
CASSPGTFEQFF	TRBV4-1*00	TRBJ2-1*00
CASSPGYNEQFF	TRBV4-1*00	TRBJ2-1*00
CASSPEGGTQYF	TRBV4-1*00	TRBJ2-5*00
CASSPTQGDYTF	TRBV10-2*00	TRBJ1-2*00
CASSPLRGELFF	TRBV4-1*00	TRBJ2-2*00
CASSPVGNEQFF	TRBV5-1*00	TRBJ2-1*00
CASSPAGDKLFF	TRBV4-1*00	TRBJ1-4*00
CASSPDRETQYF	TRBV4-1*00	TRBJ2-5*00
CASSPSGTEAFF	TRBV5-1*00	TRBJ1-1*00
CASSPSTGELFF	TRBV11-2*00	TRBJ2-2*00
CASSPRWPEQYF	TRBV5-1*00	TRBJ2-1*00
CASSPQGREQYF	TRBV5-1*00	TRBJ2-7*00
CASSPASNEQFF	TRBV5-1*00	TRBJ2-1*00
CASSPGGNEQYF	TRBV4-1*00	TRBJ2-7*00
CASSRYTGELFF	TRBV4-1*00	TRBJ2-2*00
CASSRDSYEQYF	TRBV5-1*00	TRBJ2-7*00
CASSRGSGEQFF	TRBV5-5*00	TRBJ2-1*00
CASSRGRDEQFF	TRBV4-1*00	TRBJ2-1*00
CASSRDSYKQYF	TRBV4-1*00	TRBJ2-7*00
CASSRTGDTQYF	TRBV4-1*00	TRBJ2-3*00
CASSHSGNTIYF	TRBV4-1*00	TRBJ1-3*00
CASSHSGYEQFF	TRBV4-1*00	TRBJ2-1*00
CASSHSQGVPYF	TRBV4-1*00	TRBJ2-7*00
CASSHDGQGEYF	TRBV4-1*00	TRBJ2-3*00
CASSHLGYEQYF	TRBV4-1*00	TRBJ2-7*00
CASSHPGNEQFF	TRBV5-1*00	TRBJ2-1*00
CASSHGQLEQFF	TRBV4-1*00	TRBJ2-1*00
CASSQPQDTQYF	TRBV4-1*00	TRBJ2-3*00
CASSQVISAQYF	TRBV4-1*00	TRBJ2-3*00
CASSQMTETQYF	TRBV4-1*00	TRBJ2-3*00
CASSQTGNGYTF	TRBV4-1*00	TRBJ1-2*00
CASSQRGVEQFF	TRBV4-1*00	TRBJ2-1*00
CASSQFEREQFF	TRBV4-1*00	TRBJ2-1*00
CASSQYDGEQFF	TRBV4-1*00	TRBJ2-1*00
CASSQVGFGQFF	TRBV4-1*00	TRBJ2-1*00
CASSQVGLEAFF	TRBV4-1*00	TRBJ1-1*00
CASSQVGYEQYF	TRBV4-1*00	TRBJ2-7*00
CASSQALNEQFF	TRBV4-1*00	TRBJ2-1*00
CASSQARNEQFF	TRBV4-1*00	TRBJ2-1*00
CASSQAQGPLLF	TRBV4-1*00	TRBJ2-1*00
CASSQGWSEQYF	TRBV4-1*00	TRBJ2-7*00
CASSQGRLEQFF	TRBV4-1*00	TRBJ2-1*00
CASSQGGTEAFF	TRBV4-1*00	TRBJ1-1*00
CASSQGGGGPFF	TRBV4-1*00	TRBJ2-1*00
CASSQGGLEAFF	TRBV4-1*00	TRBJ1-1*00
CASSQGGREQFF	TRBV4-1*00	TRBJ2-1*00
CASSQGNNEQFF	TRBV4-1*00	TRBJ2-1*00
CASSQDFGEQFF	TRBV4-1*00	TRBJ2-1*00
CASSQDWEEQFF	TRBV4-1*00	TRBJ2-1*00
CASSQDRETQYF	TRBV4-1*00	TRBJ2-5*00
CASSQDRAEAFF	TRBV4-1*00	TRBJ1-1*00
CASSQEPNEQYF	TRBV4-1*00	TRBJ2-7*00
CASSQEGDLPYF	TRBV4-1*00	TRBJ2-7*00
CASSQEGVEQYF	TRBV4-1*00	TRBJ2-7*00
CASSQSGETQYF	TRBV4-1*00	TRBJ2-5*00
CASSQRGDTQYF	TRBV4-1*00	TRBJ2-3*00
CASSVPEDTQYF	TRBV10-2*00	TRBJ2-3*00
CASSADGYEQYF	TRBV5-1*00	TRBJ2-7*00
CASSATNTEAFF	TRBV5-1*00	TRBJ1-1*00
CASSAPGTLRFF	TRBV4-1*00	TRBJ2-1*00
CASSGSSYEQYF	TRBV5-1*00	TRBJ2-7*00
CASSGRNNEQFF	TRBV10-2*00	TRBJ2-1*00
CASSGLVNEQFF	TRBV9*00	TRBJ2-1*00
CASSGTGGEAFF	TRBV5-1*00	TRBJ1-1*00
CASSDSGNEQFF	TRBV4-1*00	TRBJ2-1*00
CASSTTSYEQYF	TRBV10-1*00	TRBJ2-7*00
CASSKTDTEAFF	TRBV10-1*00	TRBJ1-1*00
CASRPGTGTNYF	TRBV5-1*00	TRBJ2-5*00
CASRGGSGELFF	TRBV10-1*00	TRBJ2-2*00
CASRDSNNEQFF	TRBV5-1*00	TRBJ2-1*00
CASRDNFYEQYF	TRBV5-1*00	TRBJ2-7*00
CASRERSYEQYF	TRBV5-1*00	TRBJ2-7*00
CASRTGPAEQFF	TRBV10-2*00	TRBJ2-1*00
CASRVGGTEAFF	TRBV10-2*00	TRBJ1-1*00
CASRGEEETQYF	TRBV5-1*00	TRBJ2-5*00
CASRETNTEAFF	TRBV5-1*00	TRBJ1-1*00
CASRTGVETQYF	TRBV10-2*00	TRBJ2-5*00
CASRTGENEQFF	TRBV7-9*00	TRBJ2-1*00
CASRRGIGELFF	TRBV10-2*00	TRBJ2-2*00
CASNQESGEQYF	TRBV4-1*00	TRBJ2-7*00
CASNMDREVQFF	TRBV5-1*00	TRBJ2-1*00
CARSGRFNKQFF	TRBV5-1*00	TRBJ2-1*00
CAGGNLVGELFF	TRBV29-1*00	TRBJ2-2*00
CASGGGSYEQYF	TRBV10-2*00	TRBJ2-7*00
CETGGRSDTQYF	TRBV20-1*00	TRBJ2-3*00
CTGGGCKNIQYF	TRBV29-1*00	TRBJ2-4*00
CTSGPYKNEQFF	TRBV1*00	TRBJ2-1*00
CTSGLAKNIQYF	TRBV27*00	TRBJ2-4*00
CTSSHPGDVLTF	TRBV4-1*00	TRBJ2-6*00
CTSSQEGTKAFF	TRBV4-1*00	TRBJ1-1*00
CSLRGRKTEAFF	TRBV20-1*00	TRBJ1-1*00
CSSRCCVDEQFF	TRBV20-1*00	TRBJ2-1*00
CSSRETGGEQFF	TRBV20-1*00	TRBJ2-1*00
CSSKSSVETQYF	TRBV20-1*00	TRBJ2-5*00
CSPRAANTEAFF	TRBV20-1*00	TRBJ1-1*00
CSPRTRQETQYF	TRBV20-1*00	TRBJ2-5*00
CSPVGDTDTQYF	TRBV20-1*00	TRBJ2-3*00
CSVWTGAETQYF	TRBV20-1*00	TRBJ2-5*00
CSVVGPTGELFF	TRBV29-1*00	TRBJ2-2*00
CSVSSVADTQYF	TRBV20-1*00	TRBJ2-3*00
CSVEGRNTEAFF	TRBV29-1*00	TRBJ1-1*00
CSVRTSRETQYF	TRBV20-1*00	TRBJ2-5*00
CSVAGGTDTQYF	TRBV20-1*00	TRBJ2-3*00
CSAFLWGDEQYF	TRBV20-1*00	TRBJ2-7*00
CSASTGQDEQYF	TRBV20-1*00	TRBJ2-7*00
CSASRVGGELFF	TRBV20-1*00	TRBJ2-2*00
CSACELTDTQYF	TRBV20-1*00	TRBJ2-3*00
CSAPRLGWEQFF	TRBV20-1*00	TRBJ2-1*00
CSAPDIQETQYF	TRBV20-1*00	TRBJ2-5*00
CSAPSAAGELFF	TRBV20-1*00	TRBJ2-2*00
CSAPLTDYEQYF	TRBV20-1*00	TRBJ2-7*00
CSAPGLAGELFF	TRBV20-1*00	TRBJ2-2*00
CSAPGPDTEAFF	TRBV20-1*00	TRBJ1-1*00
CSARGLGYGYTF	TRBV20-1*00	TRBJ1-2*00
CSARTSKYKQYF	TRBV20-1*00	TRBJ2-7*00
CSARQGDNEQYF	TRBV20-1*00	TRBJ2-7*00
CSAQDYTGELFF	TRBV20-1*00	TRBJ2-2*00
CSAVEGRETQYF	TRBV20-1*00	TRBJ2-5*00
CSAVLEGDTQYF	TRBV20-1*00	TRBJ2-3*00
CSAGTGTGELFF	TRBV20-1*00	TRBJ2-2*00
CSAGDSRTTQYF	TRBV20-1*00	TRBJ2-5*00
CSAGDRKETQYF	TRBV20-1*00	TRBJ2-5*00
CSAGTHAETQYF	TRBV20-1*00	TRBJ2-5*00
CSADRGSETQYF	TRBV20-1*00	TRBJ2-5*00
CSAEGQYNEQFF	TRBV20-1*00	TRBJ2-1*00
CSAEKTGDEQFF	TRBV20-1*00	TRBJ2-1*00
CSAIDLPDTQYF	TRBV20-1*00	TRBJ2-3*00
CSAISGLETQYF	TRBV20-1*00	TRBJ2-5*00
CSAIQGPDTQYF	TRBV20-1*00	TRBJ2-3*00
CSAIGGNTEAFF	TRBV20-1*00	TRBJ1-1*00
CSAIEMTDTQYF	TRBV20-1*00	TRBJ2-3*00
CSAMGSTDTQYF	TRBV20-1*00	TRBJ2-3*00
CSATRQKETQYF	TRBV20-1*00	TRBJ2-5*00
CSATSGGYEQYF	TRBV20-1*00	TRBJ2-7*00
CSATRTDQYYTF	TRBV20-1*00	TRBJ1-2*00
CSATRLAHEQYF	TRBV20-1*00	TRBJ2-7*00
CSATGPAYEQYF	TRBV20-1*00	TRBJ2-7*00
CSATDYPYTQYF	TRBV20-1*00	TRBJ2-3*00
CSATTTYNEQFF	TRBV20-1*00	TRBJ2-1*00
CSATYMSNEQFF	TRBV20-1*00	TRBJ2-1*00
CSATPGTGELFF	TRBV20-1*00	TRBJ2-2*00
CSATRLNTEAFF	TRBV20-1*00	TRBJ1-1*00
CSATRTGETQYF	TRBV20-1*00	TRBJ2-5*00
CSATRRDNEQFF	TRBV20-1*00	TRBJ2-1*00
CSATGVLYEQYF	TRBV20-1*00	TRBJ2-7*00
CSATGGLNEQFF	TRBV20-1*00	TRBJ2-1*00
CSATGGGTEAFF	TRBV20-1*00	TRBJ1-1*00
CSATGRVETQYF	TRBV20-1*00	TRBJ2-5*00
CSATIPPGTQYF	TRBV20-1*00	TRBJ2-5*00
CSASSGQETQYF	TRBV20-1*00	TRBJ2-5*00
CSASPYSETQYF	TRBV20-1*00	TRBJ2-5*00
CSASPENTEAFF	TRBV20-1*00	TRBJ1-1*00
CSASRRRREQYF	TRBV20-1*00	TRBJ2-7*00
CSASRPDLEQFF	TRBV20-1*00	TRBJ2-1*00
CSASQGGIEQYF	TRBV20-1*00	TRBJ2-7*00
CSASVGGHEQFF	TRBV20-1*00	TRBJ2-1*00
CSASAGMGTQYF	TRBV20-1*00	TRBJ2-5*00
CSASDQGNEQFF	TRBV20-1*00	TRBJ2-1*00
CSASDGNQPQHF	TRBV20-1*00	TRBJ1-5*00
CSASEGAYEQFF	TRBV20-1*00	TRBJ2-1*00
CSASEDIYGYTF	TRBV20-1*00	TRBJ1-2*00
CSASSGTYEQYF	TRBV20-1*00	TRBJ2-7*00
CSASREQGGQYF	TRBV20-1*00	TRBJ2-4*00
CSASVGGETQYF	TRBV20-1*00	TRBJ2-5*00
CSASAGRPEQYF	TRBV20-1*00	TRBJ2-7*00
CSASGVDEKLFF	TRBV20-1*00	TRBJ1-4*00
CSASGSTDTQYF	TRBV20-1*00	TRBJ2-3*00
CSASTIVGPLHF	TRBV20-1*00	TRBJ1-6*00
CSARSVNTEAFF	TRBV20-1*00	TRBJ1-1*00
CSARYDSAEQFF	TRBV20-1*00	TRBJ2-1*00
CSARLGDYGYTF	TRBV20-1*00	TRBJ1-2*00
CSARPSGDEQFF	TRBV20-1*00	TRBJ2-1*00
CSARREDYEQYF	TRBV20-1*00	TRBJ2-7*00
CSARAAIYEQYF	TRBV20-1*00	TRBJ2-7*00
CSARGYGTEAFF	TRBV20-1*00	TRBJ1-1*00
CSARGGSGGYTF	TRBV20-1*00	TRBJ1-2*00
CSARGLAGELFF	TRBV20-1*00	TRBJ2-2*00
CSARGAPDTQYF	TRBV20-1*00	TRBJ2-3*00
CSARGAHQPQHF	TRBV20-1*00	TRBJ1-5*00
CSARGGTDTQYF	TRBV20-1*00	TRBJ2-3*00
CSARGLSYGYTF	TRBV20-1*00	TRBJ1-2*00
CSARGQALEAFF	TRBV20-1*00	TRBJ1-1*00
CSARDTNTEAFF	TRBV20-1*00	TRBJ1-1*00
CSAREEGYEQYF	TRBV20-1*00	TRBJ2-7*00
CSARTTSNEQFF	TRBV20-1*00	TRBJ2-1*00
CSARTDNQPQHF	TRBV20-1*00	TRBJ1-5*00
CSARRSNYEQYF	TRBV20-1*00	TRBJ2-7*00
CSARQSSYEQYF	TRBV20-1*00	TRBJ2-7*00
CSARVSSGTQYF	TRBV20-1*00	TRBJ2-5*00
CSARVVDNEQFF	TRBV20-1*00	TRBJ2-1*00
CSARVRGTEAFF	TRBV20-1*00	TRBJ1-1*00
CSARALVDEQFF	TRBV20-1*00	TRBJ2-1*00
CSARGGYNEQFF	TRBV20-1*00	TRBJ2-1*00
CSARGDGVKLFF	TRBV20-1*00	TRBJ1-4*00
CSARGDPADQYF	TRBV20-1*00	TRBJ2-5*00
CSARGDTGELFF	TRBV20-1*00	TRBJ2-2*00
CSARGMGETQYF	TRBV20-1*00	TRBJ2-5*00
CSARGRTYEQYF	TRBV20-1*00	TRBJ2-7*00
CSARGQGIEQFF	TRBV20-1*00	TRBJ2-1*00
CSARDSRNEQFF	TRBV20-1*00	TRBJ2-1*00
CSARDLRGELFF	TRBV20-1*00	TRBJ2-2*00
CSARDPYNEQFF	TRBV20-1*00	TRBJ2-1*00
CSARDRSGELFF	TRBV20-1*00	TRBJ2-2*00
CSARDRGTEAFF	TRBV20-1*00	TRBJ1-1*00
CSARDQNQPQHF	TRBV20-1*00	TRBJ1-5*00
CSARDVASEQYF	TRBV20-1*00	TRBJ2-7*00
CSARDAGPELFF	TRBV20-1*00	TRBJ2-1*00
CSARDGLAEAFF	TRBV20-1*00	TRBJ1-1*00
CSARDGSYEQYF	TRBV20-1*00	TRBJ2-7*00
CSARDGRNEQFF	TRBV20-1*00	TRBJ2-1*00
CSARDEDYGYTF	TRBV20-1*00	TRBJ1-2*00
CSARDIAYEQYF	TRBV20-1*00	TRBJ2-7*00
CSARDFLETQYF	TRBV20-1*00	TRBJ2-5*00
CSARDGLGTQYF	TRBV20-1*00	TRBJ2-5*00
CSARDGRTEAFF	TRBV20-1*00	TRBJ1-1*00
CSAREGGHEQFF	TRBV20-1*00	TRBJ2-1*00
CSAREGVNEQFF	TRBV20-1*00	TRBJ2-1*00
CSAREEGFEQYF	TRBV20-1*00	TRBJ2-7*00
CSARESEVRDTF	TRBV20-1*00	TRBJ1-2*00
CSAREWHNEQFF	TRBV20-1*00	TRBJ2-1*00
CSAREAGFEQYF	TRBV20-1*00	TRBJ2-7*00
CSAREGTGELFF	TRBV20-1*00	TRBJ2-2*00
CSARRGGGELFF	TRBV20-1*00	TRBJ2-2*00
CSARNLDNEQFF	TRBV20-1*00	TRBJ2-1*00
CSANGRGAEAFF	TRBV20-1*00	TRBJ1-1*00
CSANSYTGELFF	TRBV20-1*00	TRBJ2-2*00
CSANRGGWEQFF	TRBV20-1*00	TRBJ2-1*00
CSAKGRDTEAFF	TRBV20-1*00	TRBJ1-1*00
CSAKGPDSPLHF	TRBV20-1*00	TRBJ1-6*00
CSAKRGNTEAFF	TRBV20-1*00	TRBJ1-1*00
CSAKKAGTEAFF	TRBV20-1*00	TRBJ1-1*00
CSAWSSTDTQYF	TRBV20-1*00	TRBJ2-3*00
CSAWDREAAQYF	TRBV20-1*00	TRBJ2-5*00
CSAYRANYGYTF	TRBV20-1*00	TRBJ1-2*00
CSALDRHNEQFF	TRBV20-1*00	TRBJ2-1*00
CSALDRINEQFF	TRBV20-1*00	TRBJ2-1*00
CSALTSSDEQFF	TRBV20-1*00	TRBJ2-1*00
CSALEGGDTQYF	TRBV20-1*00	TRBJ2-3*00
CSAPVDSGDQYF	TRBV20-1*00	TRBJ2-7*00
CSAPDGGDTQYF	TRBV20-1*00	TRBJ2-3*00
CSARFGVTEAFF	TRBV20-1*00	TRBJ1-1*00
CSAREEAYEQYF	TRBV20-1*00	TRBJ2-7*00
CSARQGAWGYTF	TRBV20-1*00	TRBJ1-2*00
CSAQTGLPTQYF	TRBV20-1*00	TRBJ2-5*00
CSAQGGDQPQHF	TRBV20-1*00	TRBJ1-5*00
CSAGDSQETQYF	TRBV20-1*00	TRBJ2-5*00
CSAGAGGLEQFF	TRBV20-1*00	TRBJ2-1*00
CSAGGGPYEQYF	TRBV20-1*00	TRBJ2-7*00
CSAGDGTYEQYF	TRBV20-1*00	TRBJ2-7*00
CSAGERGKPLHF	TRBV20-1*00	TRBJ1-6*00
CSAGTDAYEQYF	TRBV20-1*00	TRBJ2-7*00
CSAGTGGETQYF	TRBV20-1*00	TRBJ2-5*00
CSADRVGDEQYF	TRBV20-1*00	TRBJ2-7*00
CSAERNGDTQYF	TRBV20-1*00	TRBJ2-3*00
CSAEKKNNEQFF	TRBV20-1*00	TRBJ2-1*00
CSAIDRFNEQFF	TRBV20-1*00	TRBJ2-1*00
CSATWREETQYF	TRBV20-1*00	TRBJ2-5*00
CSATSESHEQYF	TRBV20-1*00	TRBJ2-7*00
CSARWGLAEAFF	TRBV20-1*00	TRBJ1-1*00
CSARDWEGTQYF	TRBV20-1*00	TRBJ2-3*00
CSARTSLGEQYF	TRBV20-1*00	TRBJ2-7*00
CSARAGDYEQYF	TRBV20-1*00	TRBJ2-7*00
CSAKEDSPEAFF	TRBV20-1*00	TRBJ1-1*00
CSASSTDQGAFF	TRBV20-1*00	TRBJ1-1*00
CSASTGEETQYF	TRBV20-1*00	TRBJ2-5*00
CSAPLLTDTQYF	TRBV20-1*00	TRBJ2-3*00
CSAPTGSDIQYF	TRBV20-1*00	TRBJ2-4*00
CSARRGGYEQYF	TRBV20-1*00	TRBJ2-7*00
CSARDRSYEQYF	TRBV20-1*00	TRBJ2-7*00
CSAQQGREPQHF	TRBV20-1*00	TRBJ1-5*00
CSAERGTYEQYF	TRBV20-1*00	TRBJ2-7*00
CSATERAYEQYF	TRBV20-1*00	TRBJ2-7*00
CSARTSGDTQYF	TRBV20-1*00	TRBJ2-3*00
CSARTSYNEQFF	TRBV20-1*00	TRBJ2-1*00
CSANEYTDTQYF	TRBV20-1*00	TRBJ2-3*00
CSATGVNSPLHF	TRBV20-1*00	TRBJ1-6*00
CSGTTGYNEQFF	TRBV20-1*00	TRBJ2-1*00
CSGRASGGELFF	TRBV20-1*00	TRBJ2-2*00
CSGDSSYNEQFF	TRBV20-1*00	TRBJ2-1*00
CSGGERGNEQFF	TRBV20-1*00	TRBJ2-1*00
CSGERGRNEQFF	TRBV20-1*00	TRBJ2-1*00
CSDETIQETQYF	TRBV20-1*00	TRBJ2-5*00
CSLQTVSNEQFF	TRBV29-1*00	TRBJ2-1*00
CSCQGGITEAFF	TRBV29-1*00	TRBJ1-1*00
CSLRTLTDTQYF	TRBV20-1*00	TRBJ2-3*00
CSVLYEYNEQFF	TRBV29-1*00	TRBJ2-1*00
CSVWVGGDTQYF	TRBV29-1*00	TRBJ2-3*00
CSVLSGSYEQYF	TRBV29-1*00	TRBJ2-7*00
CSVLQGPDTQYF	TRBV29-1*00	TRBJ2-3*00
CSVLRGDYEQYF	TRBV29-1*00	TRBJ2-7*00
CSVLNTAYEQYF	TRBV29-1*00	TRBJ2-7*00
CSVPPSGIEQFF	TRBV29-1*00	TRBJ2-1*00
CSVPGPEETQYF	TRBV29-1*00	TRBJ2-5*00
CSVRQAGYGYTF	TRBV29-1*00	TRBJ1-2*00
CSVRDWANEQFF	TRBV29-1*00	TRBJ2-1*00
CSVQPSYNEQFF	TRBV29-1*00	TRBJ2-1*00
CSVVSYSYEQYF	TRBV29-1*00	TRBJ2-7*00
CSVVDSGNTIYF	TRBV29-1*00	TRBJ1-3*00
CSVVSDWDTQYF	TRBV29-1*00	TRBJ2-3*00
CSVVGMSAEAFF	TRBV29-1*00	TRBJ1-1*00
CSVVPGTGELFF	TRBV29-1*00	TRBJ2-2*00
CSVASGGETQYF	TRBV29-1*00	TRBJ2-5*00
CSVAGQGYEQYF	TRBV29-1*00	TRBJ2-7*00
CSVARQDNEQFF	TRBV29-1*00	TRBJ2-1*00
CSVAVQNTEAFF	TRBV29-1*00	TRBJ1-1*00
CSVAAVGNEQFF	TRBV29-1*00	TRBJ2-1*00
CSVAGPNYGYTF	TRBV29-1*00	TRBJ1-2*00
CSVALATGELFF	TRBV29-1*00	TRBJ2-2*00
CSVAGTNTEAFF	TRBV29-1*00	TRBJ1-1*00
CSVADQAYEQYF	TRBV29-1*00	TRBJ2-7*00
CSVGSGGPGYTF	TRBV29-1*00	TRBJ1-2*00
CSVGTGGTEAFF	TRBV29-1*00	TRBJ1-1*00
CSVGGGGNEQFF	TRBV29-1*00	TRBJ2-1*00
CSVGGNSYEQYF	TRBV29-1*00	TRBJ2-7*00
CSVGSSSYEQYF	TRBV29-1*00	TRBJ2-7*00
CSVGRENTEAFF	TRBV29-1*00	TRBJ1-1*00
CSVGQGVTEAFF	TRBV29-1*00	TRBJ1-1*00
CSVGGPTGELFF	TRBV29-1*00	TRBJ2-2*00
CSVDSGNYGYTF	TRBV29-1*00	TRBJ1-2*00
CSVDWGTGELFF	TRBV29-1*00	TRBJ2-2*00
CSVDLQADTQYF	TRBV29-1*00	TRBJ2-3*00
CSVDRSQETQYF	TRBV29-1*00	TRBJ2-5*00
CSVDQGLDTQYF	TRBV29-1*00	TRBJ2-3*00
CSVDQGVNEQFF	TRBV29-1*00	TRBJ2-1*00
CSVDVNPDTQYF	TRBV29-1*00	TRBJ2-3*00
CSVDVGFGEEYF	TRBV29-1*00	TRBJ2-7*00
CSVDAGGTEAFF	TRBV29-1*00	TRBJ1-1*00
CSVDGGYNEQFF	TRBV29-1*00	TRBJ2-1*00
CSVDGGAGELFF	TRBV29-1*00	TRBJ2-2*00
CSVDKGSYEQYF	TRBV29-1*00	TRBJ2-7*00
CSVDVGNTEAFF	TRBV29-1*00	TRBJ1-1*00
CSVDGSYTEAFF	TRBV29-1*00	TRBJ1-1*00
CSVDDRGYEQYF	TRBV29-1*00	TRBJ2-7*00
CSVEWLYNEQFF	TRBV29-1*00	TRBJ2-1*00
CSVEVRPRELFF	TRBV29-1*00	TRBJ2-2*00
CSVEAREGGYTF	TRBV29-1*00	TRBJ1-2*00
CSVEGGIGELFF	TRBV29-1*00	TRBJ2-2*00
CSVEGGDTEAFF	TRBV29-1*00	TRBJ1-1*00
CSVEGGERGYTF	TRBV29-1*00	TRBJ1-2*00
CSVEGSYYGYTF	TRBV29-1*00	TRBJ1-2*00
CSVEGRGNIQYF	TRBV29-1*00	TRBJ2-4*00
CSVEGHYNEQFF	TRBV29-1*00	TRBJ2-1*00
CSVEGQGYEQYF	TRBV29-1*00	TRBJ2-7*00
CSVEDLGNEQFF	TRBV29-1*00	TRBJ2-1*00
CSVESSGIEQYF	TRBV29-1*00	TRBJ2-7*00
CSVEFRYNEQFF	TRBV29-1*00	TRBJ2-1*00
CSVELRNYEQYF	TRBV29-1*00	TRBJ2-7*00
CSVEWGNTEAFF	TRBV29-1*00	TRBJ1-1*00
CSVEVKGYEQYF	TRBV29-1*00	TRBJ2-7*00
CSVEVGRYEQYF	TRBV29-1*00	TRBJ2-7*00
CSVEAGYNEQFF	TRBV29-1*00	TRBJ2-1*00
CSVEGSGHGYTF	TRBV29-1*00	TRBJ1-2*00
CSVEGFGYEQYF	TRBV29-1*00	TRBJ2-7*00
CSVEGQGGDYTF	TRBV29-1*00	TRBJ1-2*00
CSVEGANYGYTF	TRBV29-1*00	TRBJ1-2*00
CSVEGGNTEAFF	TRBV29-1*00	TRBJ1-1*00
CSVEGNADTQYF	TRBV29-1*00	TRBJ2-3*00
CSVEDREGEQYF	TRBV29-1*00	TRBJ2-7*00
CSVEDRDYGYTF	TRBV29-1*00	TRBJ1-2*00
CSVEEVTTEAFF	TRBV29-1*00	TRBJ1-1*00
CSVEEGAYEQYF	TRBV29-1*00	TRBJ2-7*00
CSVEEGKETQYF	TRBV29-1*00	TRBJ2-5*00
CSVERGERGYTF	TRBV29-1*00	TRBJ1-2*00
CSVIGRFGEQFF	TRBV29-1*00	TRBJ2-1*00
CSVNAGGSEQFF	TRBV29-1*00	TRBJ2-1*00
CSVPLWGPEQFF	TRBV29-1*00	TRBJ2-1*00
CSVVGTLGELFF	TRBV29-1*00	TRBJ2-2*00
CSVAGGPTEAFF	TRBV29-1*00	TRBJ1-1*00
CSVGRMNTEAFF	TRBV29-1*00	TRBJ1-1*00
CSVGWGYETQYF	TRBV29-1*00	TRBJ2-5*00
CSVGRLNTEAFF	TRBV29-1*00	TRBJ1-1*00
CSVDTEPGELFF	TRBV29-1*00	TRBJ2-2*00
CSVDRGRNEQFF	TRBV29-1*00	TRBJ2-1*00
CSVETGNTEAFF	TRBV29-1*00	TRBJ1-1*00
CSVSRLHYGYTF	TRBV29-1*00	TRBJ1-2*00
CSVRTGSYEQYF	TRBV29-1*00	TRBJ2-7*00
CSVAGVYNEQFF	TRBV29-1*00	TRBJ2-1*00
CSVGDFPYEQYF	TRBV29-1*00	TRBJ2-7*00
CSVGQGVTEAFF	TRBV29-1*00	TRBJ1-1*00
CSVGKGADTQYF	TRBV29-1*00	TRBJ2-3*00
CSVDLTEETQYF	TRBV29-1*00	TRBJ2-5*00
CSVEGYTGELFF	TRBV29-1*00	TRBJ2-2*00
CSVMGGTYEQYF	TRBV29-1*00	TRBJ2-7*00
CSVTTSGGELFF	TRBV29-1*00	TRBJ2-2*00
CSVRDPQGTQYF	TRBV29-1*00	TRBJ2-5*00
CSVFTGIYGYTF	TRBV29-1*00	TRBJ1-2*00
CSVWTGNTEAFF	TRBV29-1*00	TRBJ1-1*00
CSVLPRGYEQFF	TRBV29-1*00	TRBJ2-1*00
CSVVQGPYEQYF	TRBV29-1*00	TRBJ2-7*00
CSVEKQGNEQFF	TRBV29-1*00	TRBJ2-1*00
CSVIREGETQYF	TRBV29-1*00	TRBJ2-5*00
CSVRTENEKLFF	TRBV29-1*00	TRBJ1-4*00
CSVNDRNTEAFF	TRBV29-1*00	TRBJ1-1*00
CSAPTGGNEQFF	TRBV29-1*00	TRBJ2-1*00
CSAGVGVEKLFF	TRBV29-1*00	TRBJ1-4*00
CSADQGLETQYF	TRBV29-1*00	TRBJ2-5*00
CSAREGTGELFF	TRBV20-1*00	TRBJ2-2*00
CSARDSSYEQYF	TRBV29-1*00	TRBJ2-7*00
CSARGRLYEQYF	TRBV29-1*00	TRBJ2-7*00
CSAGSSGNEQFF	TRBV29-1*00	TRBJ2-1*00
CSAGQETGELFF	TRBV29-1*00	TRBJ2-2*00
CSAGGRANEQFF	TRBV29-1*00	TRBJ2-1*00
CSATRGGAEQYF	TRBV29-1*00	TRBJ2-7*00
CSAGEGTDTQYF	TRBV29-1*00	TRBJ2-3*00
CSAGQYNTEAFF	TRBV29-1*00	TRBJ1-1*00
CSATTDYNEQFF	TRBV29-1*00	TRBJ2-1*00
CSGFTGTGELFF	TRBV29-1*00	TRBJ2-2*00
CSGQCIGTEAFF	TRBV29-1*00	TRBJ1-1*00
CSGQTGVYEQYF	TRBV29-1*00	TRBJ2-7*00
CSGWLLGNEQFF	TRBV29-1*00	TRBJ2-1*00
CSGETNTGELFF	TRBV20-1*00	TRBJ2-2*00
CSGETSYTEAFF	TRBV29-1*00	TRBJ1-1*00
CSGSIMNTEAFF	TRBV29-1*00	TRBJ1-1*00
CSINHSSNELFF	TRBV29-1*00	TRBJ2-1*00
CSTGALGYGYTF	TRBV20-1*00	TRBJ1-2*00
CSTGQGNTEAFF	TRBV29-1*00	TRBJ1-1*00
CSTTRGQETQYF	TRBV29-1*00	TRBJ2-5*00
CSTTAGKNEQFF	TRBV29-1*00	TRBJ2-1*00
CSKSNQGETQYF	TRBV29-1*00	TRBJ2-5*00
CRGTSGTYEQYF	TRBV20-1*00	TRBJ2-7*00
CSSSPTGEAFF	TRBV7-9*00	TRBJ1-1*00
CPSRLADTQYF	TRBV6-6*00	TRBJ2-3*00
CVSSTAYEQYF	TRBV2*00	TRBJ2-7*00
CVSMVGSEQYF	TRBV2*00	TRBJ2-7*00
CVSSSPRGQFF	TRBV7-9*00	TRBJ2-1*00
CVSSPSGEQFF	TRBV11-2*00	TRBJ2-1*00
CVSSATYEQYF	TRBV3-2*00	TRBJ2-7*00
CVAGSTDTQYF	TRBV7-9*00	TRBJ2-3*00
CAGGLRASQFF	TRBV12-5*00	TRBJ2-1*00
CATRETDTQYF	TRBV19*00	TRBJ2-3*00
CASSLTDTQYF	TRBV12-5*00	TRBJ2-3*00
CASVDTGELFF	TRBV12-5*00	TRBJ2-2*00
CASAMADTQYF	TRBV12-5*00	TRBJ2-3*00
CASALNTEAFF	TRBV12-5*00	TRBJ1-1*00
CASGFSYEQYF	TRBV12-5*00	TRBJ2-7*00
CASGLRASQFF	TRBV12-5*00	TRBJ2-1*00
CASGLGTEAFF	TRBV12-5*00	TRBJ1-1*00
CASGPPGELFF	TRBV12-5*00	TRBJ2-2*00
CASGPGDEQYF	TRBV12-5*00	TRBJ2-7*00
CASGDTYGYTF	TRBV12-5*00	TRBJ1-2*00
CASGPGVAQYF	TRBV12-5*00	TRBJ2-3*00
CASGPAFEQYF	TRBV12-5*00	TRBJ2-7*00
CASEAQETQYF	TRBV12-5*00	TRBJ2-5*00
CASSPSGQGIF	TRBV12-5*00	TRBJ2-1*00
CASEGVDTQYF	TRBV12-5*00	TRBJ2-3*00
CASSVYRYAFF	TRBV4-2*00	TRBJ1-1*00
CALYRVYGYTF	TRBV12-3*00	TRBJ1-2*00
CALESGETQYF	TRBV7-9*00	TRBJ2-5*00
CASSQGMEQYF	TRBV27*00	TRBJ2-7*00
CASTGGETQYF	TRBV6-6*00	TRBJ2-5*00
CASLGSYVLTF	TRBV2*00	TRBJ2-6*00
CACRGTDTQYF	TRBV12-3*00	TRBJ2-3*00
CACSEVAGAFF	TRBV2*00	TRBJ1-1*00
CAWSVRPAGTF	TRBV30*00	TRBJ1-2*00
CALGAGAEQFF	TRBV15*00	TRBJ2-1*00
CAVEARDRQFF	TRBV27*00	TRBJ2-1*00
CAARRNTEAFF	TRBV6-2*00	TRBJ1-1*00
CAADTNYGYTF	TRBV2*00	TRBJ1-2*00
CAAGGPYEQYF	TRBV19*00	TRBJ2-7*00
CAGGPPGELFF	TRBV19*00	TRBJ2-2*00
CAGSSGVEQYF	TRBV12-3*00	TRBJ2-3*00
CAGSLAAEAFF	TRBV7-9*00	TRBJ1-1*00
CAGRVTGELFF	TRBV6-1*00	TRBJ2-2*00
CAGNGGYGYTF	TRBV12-3*00	TRBJ1-2*00
CAGGRQETQYF	TRBV7-9*00	TRBJ2-5*00
CAGGVPGELFF	TRBV12-4*00	TRBJ2-2*00
CADQRIDTQYF	TRBV2*00	TRBJ2-3*00
CADEVNTEAFF	TRBV7-9*00	TRBJ1-1*00
CAISGDNEQFF	TRBV21-1*00	TRBJ2-1*00
CAILPSHEQFF	TRBV12-3*00	TRBJ2-1*00
CAILVGNEQFF	TRBV10-3*00	TRBJ2-1*00
CAIRAQGEAFF	TRBV15*00	TRBJ1-1*00
CAIAGSYGYTF	TRBV12-3*00	TRBJ1-2*00
CAIGQENGYTF	TRBV10-3*00	TRBJ1-2*00
CAIDKNTEAFF	TRBV2*00	TRBJ1-1*00
CAISSGEWEYF	TRBV10-3*00	TRBJ2-7*00
CAISGDYGYTF	TRBV10-3*00	TRBJ1-2*00
CAISDMDSKYF	TRBV10-3*00	TRBJ2-7*00
CAISESFLLFF	TRBV10-3*00	TRBJ2-1*00
CAISERHEQYF	TRBV10-3*00	TRBJ2-7*00
CAISEAGELFF	TRBV10-3*00	TRBJ2-2*00
CAISEGGKLFF	TRBV25-1*00	TRBJ1-4*00
CAISEGYEQYF	TRBV10-3*00	TRBJ2-7*00
CAISETETQYF	TRBV10-3*00	TRBJ2-5*00
CAIYTDNEQFF	TRBV10-3*00	TRBJ2-1*00
CAIRSVYEQYF	TRBV2*00	TRBJ2-7*00
CAIGSGDEQYF	TRBV10-3*00	TRBJ2-7*00
CATMLGGEQFF	TRBV7-9*00	TRBJ2-1*00
CATTRTGELFF	TRBV28*00	TRBJ2-2*00
CATRSGYGYTF	TRBV15*00	TRBJ1-2*00
CATFVGTEAFF	TRBV27*00	TRBJ1-1*00
CATLPSYEQYF	TRBV25-1*00	TRBJ2-7*00
CATLAKNIQYF	TRBV2*00	TRBJ2-4*00
CATSVGETQNF	TRBV27*00	TRBJ2-5*00
CATSFNQPQHF	TRBV28*00	TRBJ1-5*00
CATSRSEKLFF	TRBV2*00	TRBJ1-4*00
CATSLGFYAFF	TRBV28*00	TRBJ1-1*00
CATSTQETQYF	TRBV2*00	TRBJ2-5*00
CATLSRGGYTF	TRBV27*00	TRBJ1-2*00
CATLRGDTQYF	TRBV2*00	TRBJ2-3*00
CATLRGTEAFF	TRBV5-6*00	TRBJ1-1*00
CATLRGETRYF	TRBV7-9*00	TRBJ2-5*00
CATPVLGSQFF	TRBV2*00	TRBJ2-1*00
CATRTEWTQYF	TRBV2*00	TRBJ2-5*00
CATQDLSGYTF	TRBV6-1*00	TRBJ1-2*00
CATQYAGELFF	TRBV24-1*00	TRBJ2-2*00
CATARGAEQYF	TRBV24-1*00	TRBJ2-7*00
CATGLSNEQFF	TRBV24-1*00	TRBJ2-1*00
CATGRGTEAFF	TRBV7-9*00	TRBJ1-1*00
CATGAGAEAFF	TRBV24-1*00	TRBJ1-1*00
CATGGAYEQYF	TRBV24-1*00	TRBJ2-7*00
CATGGIDEQFF	TRBV15*00	TRBJ2-1*00
CATGEYNEQFF	TRBV15*00	TRBJ2-1*00
CATGTIETQYF	TRBV28*00	TRBJ2-5*00
CATGRSGTQYF	TRBV12-3*00	TRBJ2-3*00
CATGLANEQFF	TRBV28*00	TRBJ2-1*00
CATGTGNVQFF	TRBV7-9*00	TRBJ2-1*00
CATDLTGELFF	TRBV6-1*00	TRBJ2-2*00
CATEGDQPQHF	TRBV27*00	TRBJ1-5*00
CATTNTGELFF	TRBV12-3*00	TRBJ2-2*00
CATSFGGTQYF	TRBV28*00	TRBJ2-3*00
CATSLEGELFF	TRBV24-1*00	TRBJ2-2*00
CATSAGNIQYF	TRBV24-1*00	TRBJ2-4*00
CATSGPGGYTF	TRBV24-1*00	TRBJ1-2*00
CATSGAGELFF	TRBV24-1*00	TRBJ2-2*00
CATSGGGQLFF	TRBV24-1*00	TRBJ2-2*00
CATSDFRGYTF	TRBV24-1*00	TRBJ1-2*00
CATSDLRGQYF	TRBV24-1*00	TRBJ2-5*00
CATSDLNVQYF	TRBV24-1*00	TRBJ2-7*00
CATSDRGGQFF	TRBV24-1*00	TRBJ2-1*00
CATSDGLEQYF	TRBV24-1*00	TRBJ2-7*00
CATSDGGLQYF	TRBV24-1*00	TRBJ2-7*00
CATSDSYGYTF	TRBV24-1*00	TRBJ1-2*00
CATSEARIYTF	TRBV24-1*00	TRBJ1-2*00
CATSEGGEQYF	TRBV24-1*00	TRBJ2-7*00
CATSNMETQYF	TRBV24-1*00	TRBJ2-5*00
CATSGYTEAFF	TRBV15*00	TRBJ1-1*00
CATSTGAEAFF	TRBV15*00	TRBJ1-1*00
CATSRGNEQFF	TRBV15*00	TRBJ2-1*00
CATSRGETQYF	TRBV15*00	TRBJ2-5*00
CATSKAGEQFF	TRBV15*00	TRBJ2-1*00
CATRDYNEQFF	TRBV2*00	TRBJ2-1*00
CATRENNEQFF	TRBV24-1*00	TRBJ2-1*00
CATREDTEALF	TRBV15*00	TRBJ1-1*00
CATNGSGEQFF	TRBV24-1*00	TRBJ2-1*00
CATNRADTQYF	TRBV24-1*00	TRBJ2-3*00
CATGLVHEQFF	TRBV19*00	TRBJ2-1*00
CATGSTGELFF	TRBV10-3*00	TRBJ2-2*00
CATSLQETQYF	TRBV24-1*00	TRBJ2-5*00
CATGGGYEQYF	TRBV7-9*00	TRBJ2-7*00
CASLLGDTQYF	TRBV28*00	TRBJ2-3*00
CASLGPDTQYF	TRBV19*00	TRBJ2-3*00
CASSRSGELFF	TRBV19*00	TRBJ2-2*00
CASSGDNEQFF	TRBV9*00	TRBJ2-1*00
CASYTQETQYF	TRBV2*00	TRBJ2-5*00
CASLAAYEQYF	TRBV2*00	TRBJ2-7*00
CASLEGGGYTF	TRBV25-1*00	TRBJ1-2*00
CASRLGETQYF	TRBV7-9*00	TRBJ2-5*00
CASVGRGEQFF	TRBV27*00	TRBJ2-1*00
CASADIYGYTF	TRBV2*00	TRBJ1-2*00
CASGLRASQFF	TRBV12-5*00	TRBJ2-1*00
CASGQDNEQFF	TRBV11-3*00	TRBJ2-1*00
CASGVATEAFF	TRBV9*00	TRBJ1-1*00
CASGGGGTQYF	TRBV6-6*00	TRBJ2-5*00
CASGGKETQYF	TRBV27*00	TRBJ2-5*00
CASTGGMEQFF	TRBV19*00	TRBJ2-1*00
CASTLGNEQFF	TRBV12-3*00	TRBJ2-1*00
CASTENTEAFF	TRBV19*00	TRBJ1-1*00
CASSLAVEAFF	TRBV19*00	TRBJ1-1*00
CASSSYYEQYF	TRBV19*00	TRBJ2-7*00
CASSWTGELFF	TRBV19*00	TRBJ2-2*00
CASSLGDTQYF	TRBV12-3*00	TRBJ2-3*00
CASSRGLEQYF	TRBV19*00	TRBJ2-7*00
CASSVGGGQFF	TRBV19*00	TRBJ2-1*00
CASSVRGGYTF	TRBV19*00	TRBJ1-2*00
CASSGGYEQFF	TRBV19*00	TRBJ2-1*00
CASSGESEQFF	TRBV19*00	TRBJ2-1*00
CASSERDEQFF	TRBV19*00	TRBJ2-1*00
CASSIYNEQFF	TRBV19*00	TRBJ2-1*00
CASSILNEQYF	TRBV19*00	TRBJ2-7*00
CASSIGEKLFF	TRBV19*00	TRBJ1-4*00
CASSIGTEAFF	TRBV19*00	TRBJ1-1*00
CASSMADTQYF	TRBV19*00	TRBJ2-3*00
CASSMGSEAFF	TRBV19*00	TRBJ1-1*00
CASSMGWGQYF	TRBV19*00	TRBJ2-4*00
CASSMDEEAFF	TRBV19*00	TRBJ1-1*00
CASSIGGEQYF	TRBV19*00	TRBJ2-7*00
CASSIGTEQFF	TRBV19*00	TRBJ2-1*00
CASSTPGAQFF	TRBV19*00	TRBJ2-1*00
CASSTAYEQFF	TRBV19*00	TRBJ2-1*00
CASSSYTGYTF	TRBV19*00	TRBJ1-2*00
CASSRGREQFF	TRBV19*00	TRBJ2-1*00
CASSINTEAFF	TRBV19*00	TRBJ1-1*00
CASRFADTQYF	TRBV19*00	TRBJ2-3*00
CASRSTGELFF	TRBV19*00	TRBJ2-2*00
CASRVTGELFF	TRBV19*00	TRBJ2-2*00
CASRGSDTQYF	TRBV19*00	TRBJ2-3*00
CASRDPYEQFF	TRBV19*00	TRBJ2-1*00
CASNQGFEAFF	TRBV19*00	TRBJ1-1*00
CASKGFGEQYF	TRBV19*00	TRBJ2-7*00
CASKEGSEQYF	TRBV19*00	TRBJ2-7*00
CASFRSYEQYF	TRBV5-8*00	TRBJ2-7*00
CASFLNSEQFF	TRBV7-2*00	TRBJ2-1*00
CASFGGYEQYF	TRBV7-3*00	TRBJ2-7*00
CASFDGIEAFF	TRBV2*00	TRBJ1-1*00
CASFRGETQYF	TRBV28*00	TRBJ2-5*00
CASLVGNTIYF	TRBV7-9*00	TRBJ1-3*00
CASLGHNEQFF	TRBV7-9*00	TRBJ2-1*00
CASLGGDEQFF	TRBV12-3*00	TRBJ2-1*00
CASLGGGELFF	TRBV2*00	TRBJ2-2*00
CASLTGDIQYF	TRBV18*00	TRBJ2-4*00
CASSFGNEQFF	TRBV18*00	TRBJ2-1*00
CASSLTDTQYF	TRBV18*00	TRBJ2-3*00
CASSRGDEQFF	TRBV2*00	TRBJ2-1*00
CASSSPSEQYF	TRBV25-1*00	TRBJ2-7*00
CASSRGNTIYF	TRBV28*00	TRBJ1-3*00
CASSQGNEQFF	TRBV18*00	TRBJ2-1*00
CASSDPYEQYF	TRBV28*00	TRBJ2-7*00
CASSDSYGYTF	TRBV7-8*00	TRBJ1-2*00
CASSYSGALYF	TRBV27*00	TRBJ2-7*00
CASSPGYEQYF	TRBV18*00	TRBJ2-7*00
CASSPGETQYF	TRBV18*00	TRBJ2-5*00
CASSPGNEQFF	TRBV18*00	TRBJ2-1*00
CASSRTGIYTF	TRBV18*00	TRBJ1-2*00
CASSRGETQYF	TRBV18*00	TRBJ2-5*00
CASSGTSLKYF	TRBV18*00	TRBJ2-3*00
CASSDGPEAFF	TRBV18*00	TRBJ1-1*00
CASSTTDTQYF	TRBV18*00	TRBJ2-3*00
CASCTSGVLNF	TRBV28*00	TRBJ2-5*00
CASWTDLEAFF	TRBV2*00	TRBJ1-1*00
CASWKTSSQFF	TRBV2*00	TRBJ2-1*00
CASYAGGEQYF	TRBV2*00	TRBJ2-7*00
CASLGQGIAFF	TRBV2*00	TRBJ2-1*00
CASLAGYEAFF	TRBV25-1*00	TRBJ1-1*00
CASLSNNEQFF	TRBV6-5*00	TRBJ2-1*00
CASLNAGAQYF	TRBV6-5*00	TRBJ2-3*00
CASLKSGELFF	TRBV27*00	TRBJ2-2*00
CASPTYNEQFF	TRBV2*00	TRBJ2-1*00
CASPSYNEQFF	TRBV2*00	TRBJ2-1*00
CASPGRETQYF	TRBV2*00	TRBJ2-5*00
CASPGQETQYF	TRBV18*00	TRBJ2-5*00
CASPGGGEAFF	TRBV2*00	TRBJ1-1*00
CASPTGFEQYF	TRBV3-1*00	TRBJ2-7*00
CASRSAGELFF	TRBV3-1*00	TRBJ2-2*00
CASRLGETQYF	TRBV27*00	TRBJ2-5*00
CASREGYEQYF	TRBV2*00	TRBJ2-7*00
CASRRLREQFF	TRBV28*00	TRBJ2-1*00
CASRRSGGYTF	TRBV21-1*00	TRBJ1-2*00
CASRRGETQYF	TRBV12-3*00	TRBJ2-5*00
CASRSRLVWFF	TRBV2*00	TRBJ2-1*00
CASRWIDEQFF	TRBV28*00	TRBJ2-1*00
CASRGMETQYF	TRBV7-9*00	TRBJ2-5*00
CASRGNQPQHF	TRBV2*00	TRBJ1-5*00
CASRDFDEQYF	TRBV2*00	TRBJ2-7*00
CASHQSGELFF	TRBV28*00	TRBJ2-2*00
CASHLWGEQFF	TRBV28*00	TRBJ2-1*00
CASHRGNEQYF	TRBV27*00	TRBJ2-7*00
CASQSYNEQFF	TRBV6-5*00	TRBJ2-1*00
CASQRGDQQYF	TRBV12-3*00	TRBJ2-7*00
CASQDSYEQYF	TRBV2*00	TRBJ2-7*00
CASQDRNIQYF	TRBV2*00	TRBJ2-4*00
CASQRANVLTF	TRBV9*00	TRBJ2-6*00
CASQKGETQYF	TRBV27*00	TRBJ2-5*00
CASVRVGEQFF	TRBV6-1*00	TRBJ2-1*00
CASVRGTEAFF	TRBV27*00	TRBJ1-1*00
CASVGEETQYF	TRBV28*00	TRBJ2-5*00
CASAWAGRQYF	TRBV27*00	TRBJ2-7*00
CASALGNEQFF	TRBV27*00	TRBJ2-1*00
CASALNGELFF	TRBV6-6*00	TRBJ2-2*00
CASARGGELFF	TRBV27*00	TRBJ2-2*00
CASAIMDGYTF	TRBV12-3*00	TRBJ1-2*00
CASAEGQTQYF	TRBV27*00	TRBJ2-5*00
CASGYSTEAFF	TRBV12-3*00	TRBJ1-1*00
CASGHTGELFF	TRBV9*00	TRBJ2-2*00
CASGSADTQYF	TRBV9*00	TRBJ2-3*00
CASGWGVWAFF	TRBV27*00	TRBJ1-1*00
CASGLSYEQYF	TRBV27*00	TRBJ2-7*00
CASGPAYEQYF	TRBV27*00	TRBJ2-7*00
CASGPAYEQYF	TRBV28*00	TRBJ2-7*00
CASGQIDTQYF	TRBV12-3*00	TRBJ2-3*00
CASGVVAEAFF	TRBV2*00	TRBJ1-1*00
CASGVQETQYF	TRBV7-8*00	TRBJ2-5*00
CASGGWDEQFF	TRBV3-1*00	TRBJ2-1*00
CASGDHNEQFF	TRBV6-6*00	TRBJ2-1*00
CASGLTGELFF	TRBV2*00	TRBJ2-2*00
CASGLSYEQYF	TRBV2*00	TRBJ2-7*00
CASGPTTEAFF	TRBV9*00	TRBJ1-1*00
CASGPRYEQYF	TRBV28*00	TRBJ2-7*00
CASGAPYEQYF	TRBV28*00	TRBJ2-7*00
CASGAGSGYTF	TRBV27*00	TRBJ1-2*00
CASGGQYEQYF	TRBV9*00	TRBJ2-7*00
CASGGAGEQFF	TRBV2*00	TRBJ2-1*00
CASGDQETQYF	TRBV6-5*00	TRBJ2-5*00
CASGDTGELFF	TRBV6-5*00	TRBJ2-2*00
CASGEVYEQYF	TRBV6-1*00	TRBJ2-7*00
CASGTGSTQYF	TRBV2*00	TRBJ2-3*00
CASGFTGELFF	TRBV28*00	TRBJ2-2*00
CASGLHNEQFF	TRBV28*00	TRBJ2-1*00
CASGPGTSSIF	TRBV6-5*00	TRBJ2-1*00
CASGGFYEQCF	TRBV6-5*00	TRBJ2-7*00
CASGDVQGYTF	TRBV7-9*00	TRBJ1-2*00
CASGIGGELFF	TRBV28*00	TRBJ2-2*00
CASGSSYEQYF	TRBV9*00	TRBJ2-7*00
CASGKGETQYF	TRBV12-3*00	TRBJ2-5*00
CASDLGGGYTF	TRBV11-2*00	TRBJ1-2*00
CASDGGDTQYF	TRBV6-6*00	TRBJ2-3*00
CASEGQETQYF	TRBV2*00	TRBJ2-5*00
CASESAYEQYF	TRBV25-1*00	TRBJ2-7*00
CASISGLEQFF	TRBV25-1*00	TRBJ2-1*00
CASIGSDEQFF	TRBV6-4*00	TRBJ2-1*00
CASIGGLGYTF	TRBV2*00	TRBJ1-2*00
CASIGGGGYTF	TRBV7-2*00	TRBJ1-2*00
CASIQGSWQFF	TRBV27*00	TRBJ2-1*00
CASIAGTEQYF	TRBV2*00	TRBJ2-7*00
CASIGPDTQYF	TRBV2*00	TRBJ2-3*00
CASIEGGIQYF	TRBV2*00	TRBJ2-4*00
CASITSNEQFF	TRBV7-9*00	TRBJ2-1*00
CASITGAGYTF	TRBV2*00	TRBJ1-2*00
CASMGTGGIYF	TRBV9*00	TRBJ1-2*00
CASMGRAEAFF	TRBV2*00	TRBJ1-1*00
CASMEGIVPFF	TRBV6-1*00	TRBJ2-1*00
CASMEGNEQYF	TRBV6-1*00	TRBJ2-7*00
CASMTGITQYF	TRBV27*00	TRBJ2-3*00
CASIQYNEQFF	TRBV2*00	TRBJ2-1*00
CASIGAGELFF	TRBV27*00	TRBJ2-2*00
CASITGYEQYF	TRBV5-6*00	TRBJ2-7*00
CASITNNEQFF	TRBV5-4*00	TRBJ2-1*00
CASTSAYEQYF	TRBV6-2*00	TRBJ2-7*00
CASTLGGEQFF	TRBV27*00	TRBJ2-1*00
CASTLGDEQFF	TRBV13*00	TRBJ2-1*00
CASTVNSPLHF	TRBV2*00	TRBJ1-6*00
CASTGGTEAFF	TRBV7-9*00	TRBJ1-1*00
CASTISYEQYF	TRBV2*00	TRBJ2-7*00
CASTKGLQQFF	TRBV2*00	TRBJ2-1*00
CASTLGAEAFF	TRBV5-5*00	TRBJ1-1*00
CASTSRKGYTF	TRBV9*00	TRBJ1-2*00
CASTYGYEQYF	TRBV28*00	TRBJ2-7*00
CASTYSGEQYF	TRBV6-5*00	TRBJ2-7*00
CASTYTGELFF	TRBV12-3*00	TRBJ2-2*00
CASTLNYEQYF	TRBV7-9*00	TRBJ2-7*00
CASTLVGGIFF	TRBV12-3*00	TRBJ1-1*00
CASTLRGEQFF	TRBV2*00	TRBJ2-1*00
CASTPGGGGTF	TRBV2*00	TRBJ1-2*00
CASTPGYEQYF	TRBV2*00	TRBJ2-7*00
CASTPDNEQFF	TRBV7-9*00	TRBJ2-1*00
CASTRVDEQYF	TRBV28*00	TRBJ2-7*00
CASTHPGELFF	TRBV21-1*00	TRBJ2-2*00
CASTQYNEQFF	TRBV5-5*00	TRBJ2-1*00
CASTQGNEQYF	TRBV3-1*00	TRBJ2-7*00
CASTVGGTQYF	TRBV14*00	TRBJ2-5*00
CASTGAVGAFF	TRBV25-1*00	TRBJ1-1*00
CASTDNNEQFF	TRBV12-3*00	TRBJ2-1*00
CASTTGAEQYF	TRBV6-5*00	TRBJ2-7*00
CASTSRETQYF	TRBV7-9*00	TRBJ2-5*00
CASTRGGPTFF	TRBV7-9*00	TRBJ2-1*00
CASTRGVAQYF	TRBV7-2*00	TRBJ2-3*00
CASTGTDTQYF	TRBV27*00	TRBJ2-3*00
CASTGDYEQYF	TRBV6-1*00	TRBJ2-7*00
CASTLGTQAFF	TRBV6-6*00	TRBJ1-1*00
CASTVTGELFF	TRBV7-9*00	TRBJ2-2*00
CASTGGRELFF	TRBV12-3*00	TRBJ2-2*00
CASTRSYEQYF	TRBV28*00	TRBJ2-7*00
CASSFLQTQYF	TRBV28*00	TRBJ2-5*00
CASSFLSEAFF	TRBV12-3*00	TRBJ1-1*00
CASSFLDEQYF	TRBV27*00	TRBJ2-7*00
CASSFRTEAFF	TRBV12-3*00	TRBJ1-1*00
CASSFQETQYF	TRBV12-3*00	TRBJ2-5*00
CASSFACEQFF	TRBV12-3*00	TRBJ2-1*00
CASSFAHEQYF	TRBV27*00	TRBJ2-7*00
CASSFGPQAFF	TRBV6-5*00	TRBJ1-1*00
CASSFGEEAFF	TRBV27*00	TRBJ1-1*00
CASSFIDGYTF	TRBV28*00	TRBJ1-2*00
CASSFTNEQFF	TRBV27*00	TRBJ2-1*00
CASSFSNEQFF	TRBV28*00	TRBJ2-1*00
CASSFSDTQYF	TRBV28*00	TRBJ2-3*00
CASSFRDTQYF	TRBV28*00	TRBJ2-3*00
CASSFVDTQYF	TRBV28*00	TRBJ2-3*00
CASSFGLEAFF	TRBV27*00	TRBJ1-1*00
CASSFGLAQFF	TRBV12-3*00	TRBJ2-1*00
CASSFTGSQYF	TRBV28*00	TRBJ2-5*00
CASSFSGEQYF	TRBV27*00	TRBJ2-7*00
CASSLAYEQYF	TRBV27*00	TRBJ2-7*00
CASSLGREQYF	TRBV27*00	TRBJ2-7*00
CASSLTGVQFF	TRBV27*00	TRBJ2-1*00
CASSLSSEQYF	TRBV12-3*00	TRBJ2-7*00
CASSLSYEQYF	TRBV28*00	TRBJ2-7*00
CASSLRDIQYF	TRBV12-3*00	TRBJ2-4*00
CASSLFSEQFF	TRBV27*00	TRBJ2-1*00
CASSLPSAQYF	TRBV28*00	TRBJ2-7*00
CASSLRNQQFF	TRBV27*00	TRBJ2-1*00
CASSLQDTQYF	TRBV12-3*00	TRBJ2-3*00
CASSLVDEQYF	TRBV28*00	TRBJ2-7*00
CASSLASEQYF	TRBV28*00	TRBJ2-7*00
CASSLAGEQYF	TRBV7-9*00	TRBJ2-7*00
CASSLADEQYF	TRBV28*00	TRBJ2-7*00
CASSLASEQFF	TRBV12-3*00	TRBJ2-1*00
CASSLGDEQFF	TRBV28*00	TRBJ2-1*00
CASSLGNEQFF	TRBV27*00	TRBJ2-1*00
CASSLGHEQFF	TRBV27*00	TRBJ2-1*00
CASSLGQTQYF	TRBV28*00	TRBJ2-3*00
CASSLGVDWYF	TRBV12-3*00	TRBJ2-3*00
CASSLGGRRYF	TRBV12-3*00	TRBJ2-7*00
CASSLGEPQHF	TRBV28*00	TRBJ1-5*00
CASSLGTGILF	TRBV28*00	TRBJ2-7*00
CASSLGNQAFF	TRBV27*00	TRBJ1-1*00
CASSLGFEAFF	TRBV28*00	TRBJ1-1*00
CASSLDGEQYF	TRBV12-3*00	TRBJ2-7*00
CASSLMGEQYF	TRBV28*00	TRBJ2-7*00
CASSLTGDQYF	TRBV28*00	TRBJ2-5*00
CASSLSKNQFF	TRBV12-3*00	TRBJ2-1*00
CASSLRTEQFF	TRBV12-3*00	TRBJ2-1*00
CASSSYPEQFF	TRBV6-2*00	TRBJ2-1*00
CASSSRDTQYF	TRBV27*00	TRBJ2-3*00
CASSSAGEQFF	TRBV12-3*00	TRBJ2-1*00
CASSSLGKLFF	TRBV7-6*00	TRBJ1-4*00
CASSSHTEAFF	TRBV27*00	TRBJ1-1*00
CASSSAETQYF	TRBV28*00	TRBJ2-5*00
CASSSGGTQYF	TRBV27*00	TRBJ2-3*00
CASSSGNTIYF	TRBV27*00	TRBJ1-3*00
CASSSNYEQYF	TRBV27*00	TRBJ2-7*00
CASSSATEAFF	TRBV6-6*00	TRBJ1-1*00
CASSSGNTQYF	TRBV6-5*00	TRBJ2-3*00
CASSSTNKAFF	TRBV27*00	TRBJ1-1*00
CASSSRDEQFF	TRBV6-5*00	TRBJ2-1*00
CASSSHTEAFF	TRBV27*00	TRBJ1-1*00
CASSSANEQYF	TRBV28*00	TRBJ2-7*00
CASSSAYEQYF	TRBV27*00	TRBJ2-7*00
CASSSGEGAFF	TRBV12-3*00	TRBJ1-1*00
CASSWYTEAFF	TRBV6-1*00	TRBJ1-1*00
CASSWGTEAFF	TRBV28*00	TRBJ1-1*00
CASSYNNGYTF	TRBV6-1*00	TRBJ1-2*00
CASSYNGELFF	TRBV6-6*00	TRBJ2-2*00
CASSYSAEQFF	TRBV6-5*00	TRBJ2-1*00
CASSYSIEQFF	TRBV6-6*00	TRBJ2-1*00
CASSYWGEAFF	TRBV6-5*00	TRBJ1-1*00
CASSYRGEQFF	TRBV6-6*00	TRBJ2-1*00
CASSYRDTQYF	TRBV28*00	TRBJ2-3*00
CASSYRTEAFF	TRBV6-6*00	TRBJ1-1*00
CASSYQREQYF	TRBV7-9*00	TRBJ2-7*00
CASSYVDEQFF	TRBV6-2*00	TRBJ2-1*00
CASSYAGGYTF	TRBV6-5*00	TRBJ1-2*00
CASSYAGEQFF	TRBV6-5*00	TRBJ2-1*00
CASSYGGTQYF	TRBV6-5*00	TRBJ2-3*00
CASSYGYEQYF	TRBV6-2*00	TRBJ2-7*00
CASSYGGELFF	TRBV6-5*00	TRBJ2-2*00
CASSYGYEQFF	TRBV12-3*00	TRBJ2-1*00
CASSYGGTAFF	TRBV6-5*00	TRBJ1-1*00
CASSYGKGYTF	TRBV12-3*00	TRBJ1-2*00
CASSYDEKLFF	TRBV6-5*00	TRBJ1-4*00
CASSYEAEQFF	TRBV6-5*00	TRBJ2-1*00
CASSYTGEQYF	TRBV28*00	TRBJ2-7*00
CASSLPNEQFF	TRBV28*00	TRBJ2-1*00
CASSLWGEQFF	TRBV28*00	TRBJ2-1*00
CASSLAYEQYF	TRBV28*00	TRBJ2-7*00
CASSLDDTQYF	TRBV12-3*00	TRBJ2-3*00
CASSPFYEQYF	TRBV28*00	TRBJ2-7*00
CASSPSYEQYF	TRBV28*00	TRBJ2-7*00
CASSPSGEQYF	TRBV25-1*00	TRBJ2-7*00
CASSPCNEQFF	TRBV21-1*00	TRBJ2-1*00
CASSPNLEQFF	TRBV12-3*00	TRBJ2-1*00
CASSPRDSLDF	TRBV28*00	TRBJ2-7*00
CASSPGNEQFF	TRBV6-5*00	TRBJ2-1*00
CASSPINEQFF	TRBV6-6*00	TRBJ2-1*00
CASSPQGSYTF	TRBV27*00	TRBJ1-2*00
CASSPVGEQYF	TRBV2*00	TRBJ2-7*00
CASSPGYEQYF	TRBV6-5*00	TRBJ2-7*00
CASSPGQEKFF	TRBV12-3*00	TRBJ2-1*00
CASSRYNEQFF	TRBV27*00	TRBJ2-1*00
CASSRGDTAFF	TRBV27*00	TRBJ1-1*00
CASSRSTEALF	TRBV6-1*00	TRBJ1-1*00
CASSHPYEQYF	TRBV12-3*00	TRBJ2-7*00
CASSQGSGYTF	TRBV12-4*00	TRBJ1-2*00
CASSQSYEQYF	TRBV28*00	TRBJ2-7*00
CASSQGYGYTF	TRBV6-5*00	TRBJ1-2*00
CASSQEGTQYF	TRBV27*00	TRBJ2-5*00
CASSQMNEQFF	TRBV27*00	TRBJ2-1*00
CASSVPRTQYF	TRBV2*00	TRBJ2-3*00
CASSVRDTQYF	TRBV27*00	TRBJ2-3*00
CASSVVWPTLF	TRBV2*00	TRBJ2-1*00
CASSVMYEQYF	TRBV25-1*00	TRBJ2-7*00
CASSVSLEQFF	TRBV28*00	TRBJ2-1*00
CASSVRDEQFF	TRBV28*00	TRBJ2-1*00
CASSVPNEQFF	TRBV2*00	TRBJ2-1*00
CASSVSGELFF	TRBV6-1*00	TRBJ2-2*00
CASSVTYEQYF	TRBV12-3*00	TRBJ2-7*00
CASSAGTEAFF	TRBV12-3*00	TRBJ1-1*00
CASSAGLEQFF	TRBV2*00	TRBJ2-1*00
CASSAGDTQYF	TRBV25-1*00	TRBJ2-3*00
CASSAKTEQFF	TRBV12-3*00	TRBJ2-1*00
CASSALAEQFF	TRBV2*00	TRBJ2-1*00
CASSAGTEQFF	TRBV7-9*00	TRBJ2-1*00
CASSGSDEQYF	TRBV6-1*00	TRBJ2-7*00
CASSGPYEQYF	TRBV2*00	TRBJ2-7*00
CASSGVVEAFF	TRBV28*00	TRBJ1-1*00
CASSGGPDLFF	TRBV12-3*00	TRBJ1-1*00
CASSGGETQYF	TRBV6-5*00	TRBJ2-5*00
CASSGTFLSFF	TRBV2*00	TRBJ2-1*00
CASSGKGEAFF	TRBV2*00	TRBJ1-1*00
CASSGSGELFF	TRBV25-1*00	TRBJ2-2*00
CASSGGDEQFF	TRBV2*00	TRBJ2-1*00
CASSGGLAQYF	TRBV2*00	TRBJ2-3*00
CASSGTYEQYF	TRBV27*00	TRBJ2-7*00
CASSGTGEAFF	TRBV2*00	TRBJ1-1*00
CASSGSGEQYF	TRBV27*00	TRBJ2-7*00
CASSDLDTQYF	TRBV2*00	TRBJ2-3*00
CASSDRETQYF	TRBV25-1*00	TRBJ2-5*00
CASSDQRGRDF	TRBV6-1*00	TRBJ2-1*00
CASSDAETQYF	TRBV2*00	TRBJ2-5*00
CASSDGLAGTF	TRBV2*00	TRBJ2-7*00
CASSDRLEQYF	TRBV2*00	TRBJ2-7*00
CASSDSNEQFF	TRBV6-4*00	TRBJ2-1*00
CASSDSGEQFF	TRBV6-4*00	TRBJ2-1*00
CASSDYGEQFF	TRBV2*00	TRBJ2-1*00
CASSDLGMSFF	TRBV6-4*00	TRBJ1-1*00
CASSDRLGQYF	TRBV6-1*00	TRBJ2-4*00
CASSDRLLPFF	TRBV2*00	TRBJ2-1*00
CASSDGWEQFF	TRBV27*00	TRBJ2-1*00
CASSDDTEAFF	TRBV2*00	TRBJ1-1*00
CASSDRTVEHF	TRBV6-5*00	TRBJ2-4*00
CASSEYGEQYF	TRBV6-4*00	TRBJ2-7*00
CASSEGNEQFF	TRBV2*00	TRBJ2-1*00
CASSEGPEQFF	TRBV6-1*00	TRBJ2-1*00
CASSEGDEQFF	TRBV2*00	TRBJ2-1*00
CASSEGGEQFF	TRBV6-1*00	TRBJ2-1*00
CASSEGSPLHF	TRBV2*00	TRBJ1-6*00
CASSEDQEAFF	TRBV6-1*00	TRBJ1-1*00
CASSETYGYTF	TRBV2*00	TRBJ1-2*00
CASSEVDEQFF	TRBV6-1*00	TRBJ2-1*00
CASSEAHEQYF	TRBV2*00	TRBJ2-7*00
CASSEANEQFF	TRBV6-1*00	TRBJ2-1*00
CASSEAEGGNF	TRBV2*00	TRBJ2-7*00
CASSEGGELFF	TRBV2*00	TRBJ2-2*00
CASSEGWGPHF	TRBV2*00	TRBJ1-5*00
CASSEGTEQFF	TRBV2*00	TRBJ2-1*00
CASSEEDEQFF	TRBV2*00	TRBJ2-1*00
CASSINQPQHF	TRBV2*00	TRBJ1-5*00
CASSTAGEQYF	TRBV12-3*00	TRBJ2-7*00
CASSTTSEQFF	TRBV25-1*00	TRBJ2-1*00
CASSTNTEAFF	TRBV28*00	TRBJ1-1*00
CASSTRGEQYF	TRBV27*00	TRBJ2-7*00
CASSTGYEQYF	TRBV12-3*00	TRBJ2-7*00
CASSTKGEQFF	TRBV6-2*00	TRBJ2-1*00
CASSTGETQYF	TRBV27*00	TRBJ2-5*00
CASSTTDTQYF	TRBV12-3*00	TRBJ2-3*00
CASSSTETQYF	TRBV28*00	TRBJ2-5*00
CASSRGNEQFF	TRBV27*00	TRBJ2-1*00
CASSRGFEQYF	TRBV6-5*00	TRBJ2-7*00
CASSRDNEQFF	TRBV25-1*00	TRBJ2-1*00
CASSRNTEAFF	TRBV28*00	TRBJ1-1*00
CASSNSGGYTF	TRBV3-1*00	TRBJ1-2*00
CASSNTQAQYF	TRBV12-3*00	TRBJ2-3*00
CASSNTRELFF	TRBV6-2*00	TRBJ2-2*00
CASSKGTEAFF	TRBV6-5*00	TRBJ1-1*00
CASSFSDEQFF	TRBV11-3*00	TRBJ2-1*00
CASSFSQDLYF	TRBV7-9*00	TRBJ2-7*00
CASSFSNEQYF	TRBV11-2*00	TRBJ2-7*00
CASSFSQGVFF	TRBV7-9*00	TRBJ2-1*00
CASSFGGEAFF	TRBV11-2*00	TRBJ1-1*00
CASSFGGLAYF	TRBV7-8*00	TRBJ2-4*00
CASSFGTEAFF	TRBV5-4*00	TRBJ1-1*00
CASSFGREAFF	TRBV7-6*00	TRBJ1-1*00
CASSFRYEQYF	TRBV11-2*00	TRBJ2-7*00
CASSFSFEQYF	TRBV7-9*00	TRBJ2-7*00
CASSFPPRQFF	TRBV7-8*00	TRBJ2-1*00
CASSFPNEQYF	TRBV7-2*00	TRBJ2-7*00
CASSFQGEAFF	TRBV7-9*00	TRBJ1-1*00
CASSFQSEQYF	TRBV5-6*00	TRBJ2-7*00
CASSFGDEQFF	TRBV11-3*00	TRBJ2-1*00
CASSFEGGAFF	TRBV7-9*00	TRBJ1-1*00
CASSLSGPLHF	TRBV5-4*00	TRBJ1-6*00
CASSLSYEQYF	TRBV7-9*00	TRBJ2-7*00
CASSLYQEQFF	TRBV5-6*00	TRBJ2-1*00
CASSLYGEQFF	TRBV5-5*00	TRBJ2-1*00
CASSLLAEAFF	TRBV11-2*00	TRBJ1-1*00
CASSLRGELFF	TRBV5-6*00	TRBJ2-2*00
CASSLVREQFF	TRBV5-6*00	TRBJ2-1*00
CASSLAGEQFF	TRBV5-8*00	TRBJ2-1*00
CASSLAYEQFF	TRBV5-5*00	TRBJ2-1*00
CASSLAKEQYF	TRBV5-6*00	TRBJ2-7*00
CASSLGYEQFF	TRBV5-6*00	TRBJ2-1*00
CASSLGTRGAF	TRBV5-8*00	TRBJ1-2*00
CASSLGEIQYF	TRBV5-5*00	TRBJ2-4*00
CASSLDGFRYF	TRBV5-6*00	TRBJ2-3*00
CASSLEGEQFF	TRBV7-9*00	TRBJ2-1*00
CASSLEETQYF	TRBV5-4*00	TRBJ2-5*00
CASSLILEQFF	TRBV7-8*00	TRBJ2-1*00
CASSLMAEQFF	TRBV5-5*00	TRBJ2-1*00
CASSLTYGYTF	TRBV5-6*00	TRBJ1-2*00
CASSLYYEQYF	TRBV7-8*00	TRBJ2-7*00
CASSLYLEQFF	TRBV13*00	TRBJ2-1*00
CASSLYGELFF	TRBV5-4*00	TRBJ2-2*00
CASSLLGQQYF	TRBV11-1*00	TRBJ2-5*00
CASSLPPTQYF	TRBV7-2*00	TRBJ2-3*00
CASSLRDEQFF	TRBV7-9*00	TRBJ2-1*00
CASSLQREEFF	TRBV13*00	TRBJ2-1*00
CASSLQYGYTF	TRBV13*00	TRBJ1-2*00
CASSLQGEQFF	TRBV11-2*00	TRBJ2-1*00
CASSLVNEQYF	TRBV13*00	TRBJ2-7*00
CASSLVGALNF	TRBV7-9*00	TRBJ1-1*00
CASSLVDEQYF	TRBV7-9*00	TRBJ2-7*00
CASSLVSGYTF	TRBV11-2*00	TRBJ1-2*00
CASSLAKEQYF	TRBV7-9*00	TRBJ2-7*00
CASSLAPGYTF	TRBV11-1*00	TRBJ1-2*00
CASSLAVDFYF	TRBV11-2*00	TRBJ2-7*00
CASSLAGTQYF	TRBV13*00	TRBJ2-7*00
CASSLADEAFF	TRBV11-3*00	TRBJ1-1*00
CASSLGPDYTF	TRBV7-9*00	TRBJ1-2*00
CASSLGVEQFF	TRBV7-9*00	TRBJ2-1*00
CASSLGAAMFF	TRBV11-3*00	TRBJ2-2*00
CASSLGDRKFF	TRBV7-3*00	TRBJ2-1*00
CASSLGLGAFF	TRBV13*00	TRBJ1-1*00
CASSLGRDQYF	TRBV7-9*00	TRBJ2-5*00
CASSLGEELSF	TRBV13*00	TRBJ2-2*00
CASSLDHIQYF	TRBV7-9*00	TRBJ2-4*00
CASSLDPEQFF	TRBV11-3*00	TRBJ2-1*00
CASSLDGGAYF	TRBV7-9*00	TRBJ2-7*00
CASSLEYEQFF	TRBV7-9*00	TRBJ2-1*00
CASSLEAEEYF	TRBV7-9*00	TRBJ2-7*00
CASSLEEEQFF	TRBV5-6*00	TRBJ2-1*00
CASSLEYEQYF	TRBV11-2*00	TRBJ2-7*00
CASSLTETQYF	TRBV7-9*00	TRBJ2-5*00
CASSLTGLEYF	TRBV7-9*00	TRBJ2-4*00
CASSLSYEQFF	TRBV7-9*00	TRBJ2-1*00
CASSLSDEQFF	TRBV7-8*00	TRBJ2-1*00
CASSLNREQFF	TRBV13*00	TRBJ2-1*00
CASSLNREQFF	TRBV7-9*00	TRBJ2-1*00
CASSSSGEQYF	TRBV7-9*00	TRBJ2-7*00
CASSSRATQYF	TRBV11-2*00	TRBJ2-5*00
CASSSSQGRNF	TRBV7-8*00	TRBJ2-5*00
CASSSLDTQYF	TRBV13*00	TRBJ2-3*00
CASSSPRGKFF	TRBV13*00	TRBJ2-1*00
CASSSPGEQFF	TRBV5-5*00	TRBJ2-1*00
CASSSGTGAVF	TRBV7-6*00	TRBJ1-1*00
CASSSGRGYTF	TRBV7-9*00	TRBJ1-2*00
CASSSDREQYF	TRBV7-8*00	TRBJ2-7*00
CASSSTDTRYF	TRBV5-6*00	TRBJ2-3*00
CASSSAGEQYF	TRBV13*00	TRBJ2-7*00
CASSSGDEQFF	TRBV7-9*00	TRBJ2-1*00
CASSSGLDKYF	TRBV27*00	TRBJ2-1*00
CASSSTNEQFF	TRBV5-4*00	TRBJ2-1*00
CASSSGNEAFF	TRBV5-4*00	TRBJ1-1*00
CASSSDWTQYF	TRBV3-1*00	TRBJ2-5*00
CASSSTDTQYF	TRBV7-6*00	TRBJ2-3*00
CASSWAYEQYF	TRBV5-5*00	TRBJ2-7*00
CASSWGDTQYF	TRBV5-4*00	TRBJ2-3*00
CASSWTSEQFF	TRBV7-2*00	TRBJ2-1*00
CASSYYNEQFF	TRBV28*00	TRBJ2-1*00
CASSYANIQYF	TRBV6-5*00	TRBJ2-4*00
CASSYGEKLFF	TRBV7-9*00	TRBJ1-4*00
CASSYTYEQYF	TRBV7-9*00	TRBJ2-7*00
CASSLRDTLYF	TRBV7-8*00	TRBJ2-3*00
CASSLRDQQYF	TRBV7-9*00	TRBJ2-7*00
CASSLTYEQYF	TRBV11-3*00	TRBJ2-7*00
CASSLAGPLHF	TRBV13*00	TRBJ1-6*00
CASSLGGEQFF	TRBV3-1*00	TRBJ2-1*00
CASSLGGEQFF	TRBV7-9*00	TRBJ2-1*00
CASSLTYEQYF	TRBV7-9*00	TRBJ2-7*00
CASSLHNEQFF	TRBV3-1*00	TRBJ2-1*00
CASSLGYEQYF	TRBV11-2*00	TRBJ2-7*00
CASSLTGEQYF	TRBV7-6*00	TRBJ2-7*00
CASSLRETQYF	TRBV5-4*00	TRBJ2-5*00
CASSLSYEQYF	TRBV5-5*00	TRBJ2-7*00
CASSLGREQFF	TRBV14*00	TRBJ2-1*00
CASSLGVEQYF	TRBV6-5*00	TRBJ2-7*00
CASSLGGEQFF	TRBV13*00	TRBJ2-1*00
CASSLERELFF	TRBV7-9*00	TRBJ1-4*00
CASSPSDEQFF	TRBV14*00	TRBJ2-1*00
CASSPLAEQFF	TRBV9*00	TRBJ2-1*00
CASSPQNEQFF	TRBV7-9*00	TRBJ2-1*00
CASSPGLVQYF	TRBV11-1*00	TRBJ2-5*00
CASSPGPEQYF	TRBV7-9*00	TRBJ2-7*00
CASSPDGELFF	TRBV12-3*00	TRBJ2-2*00
CASSPNYEQFF	TRBV12-3*00	TRBJ2-1*00
CASSPLDEQFF	TRBV7-9*00	TRBJ2-1*00
CASSPSDEQFF	TRBV11-3*00	TRBJ2-1*00
CASSPWGEQYF	TRBV28*00	TRBJ2-7*00
CASSPWNEQFF	TRBV28*00	TRBJ2-1*00
CASSPRGTQYF	TRBV9*00	TRBJ2-5*00
CASSPRETQHF	TRBV7-9*00	TRBJ2-5*00
CASSPQYEQYF	TRBV28*00	TRBJ2-7*00
CASSPGYEQYF	TRBV7-8*00	TRBJ2-7*00
CASSPGFEQFF	TRBV7-6*00	TRBJ2-1*00
CASSPGREQYF	TRBV7-3*00	TRBJ2-7*00
CASSPGGKLFF	TRBV4-2*00	TRBJ1-4*00
CASSPDCEQYF	TRBV11-2*00	TRBJ2-7*00
CASSPDSEAYF	TRBV7-9*00	TRBJ2-7*00
CASSPNYEQYF	TRBV16*00	TRBJ2-7*00
CASSPFETQYF	TRBV7-9*00	TRBJ2-5*00
CASSPGQLIFF	TRBV7-9*00	TRBJ1-4*00
CASSPSETQYF	TRBV2*00	TRBJ2-5*00
CASSPREEQFF	TRBV2*00	TRBJ2-1*00
CASSPYYGYTF	TRBV7-9*00	TRBJ1-2*00
CASSPGRGSIF	TRBV11-2*00	TRBJ1-2*00
CASSPSHEQFF	TRBV13*00	TRBJ2-1*00
CASSRPNEQFF	TRBV5-8*00	TRBJ2-1*00
CASSRDYEQYF	TRBV9*00	TRBJ2-7*00
CASSRPHEQYF	TRBV28*00	TRBJ2-7*00
CASSRVQTQYF	TRBV13*00	TRBJ2-5*00
CASSRGDTQYF	TRBV28*00	TRBJ2-3*00
CASSRNTEAFF	TRBV5-4*00	TRBJ1-1*00
CASSRQETQYF	TRBV11-2*00	TRBJ2-5*00
CASSRGETQYF	TRBV4-2*00	TRBJ2-5*00
CASSRTGEQYF	TRBV7-9*00	TRBJ2-7*00
CASSRSGELFF	TRBV9*00	TRBJ2-2*00
CASSHQETQYF	TRBV5-5*00	TRBJ2-5*00
CASSHGYEQYF	TRBV14*00	TRBJ2-7*00
CASSHGNEQYF	TRBV4-2*00	TRBJ2-7*00
CASSHTGELFF	TRBV5-6*00	TRBJ2-2*00
CASSHSTELFF	TRBV3-1*00	TRBJ2-2*00
CASSHQETQYF	TRBV3-1*00	TRBJ2-5*00
CASSHEDEQNF	TRBV3-1*00	TRBJ2-7*00
CASSHRIEAFF	TRBV25-1*00	TRBJ1-1*00
CASSQGAEAFF	TRBV14*00	TRBJ1-1*00
CASSQGSEQYF	TRBV7-3*00	TRBJ2-7*00
CASSQGPSQDF	TRBV3-1*00	TRBJ2-5*00
CASSQGLEAFF	TRBV4-2*00	TRBJ1-1*00
CASSQGGGRVF	TRBV3-1*00	TRBJ1-1*00
CASSQGSSCIF	TRBV16*00	TRBJ2-1*00
CASSQGAGRYF	TRBV28*00	TRBJ2-5*00
CASSQGNIQYF	TRBV3-1*00	TRBJ2-4*00
CASSQDVSQYF	TRBV14*00	TRBJ2-7*00
CASSQDGEQYF	TRBV4-2*00	TRBJ2-7*00
CASSQDYEQHF	TRBV12-3*00	TRBJ2-7*00
CASSQTNTQYF	TRBV7-8*00	TRBJ2-3*00
CASSQNYGYTF	TRBV12-3*00	TRBJ1-2*00
CASSVGGEAFF	TRBV6-6*00	TRBJ1-1*00
CASSVSYELYF	TRBV7-9*00	TRBJ2-7*00
CASSVNNEQFF	TRBV7-9*00	TRBJ2-1*00
CASSVEEVTFF	TRBV12-3*00	TRBJ2-1*00
CASSVVYGYTF	TRBV9*00	TRBJ1-2*00
CASSVGGELFF	TRBV9*00	TRBJ2-2*00
CASSVGDTQYF	TRBV9*00	TRBJ2-3*00
CASSVDETQYF	TRBV9*00	TRBJ2-5*00
CASSVESRIAF	TRBV9*00	TRBJ1-1*00
CASSAADEQYF	TRBV11-3*00	TRBJ2-7*00
CASSASGELFF	TRBV9*00	TRBJ2-2*00
CASSARTEQFF	TRBV9*00	TRBJ2-1*00
CASSALNEQFF	TRBV9*00	TRBJ2-1*00
CASSAANVLTF	TRBV9*00	TRBJ2-6*00
CASSAGNEQFF	TRBV9*00	TRBJ2-1*00
CASSAGTGLNF	TRBV2*00	TRBJ2-4*00
CASSGVGELFF	TRBV6-5*00	TRBJ2-2*00
CASSGSDTQYF	TRBV6-6*00	TRBJ2-3*00
CASSGSNTQYF	TRBV5-4*00	TRBJ2-3*00
CASSGIYTQYF	TRBV7-9*00	TRBJ2-3*00
CASSGSNEQFF	TRBV9*00	TRBJ2-1*00
CASSGYTEAFF	TRBV2*00	TRBJ1-1*00
CASSGPGLVNF	TRBV28*00	TRBJ2-5*00
CASSGVHEQFF	TRBV12-1*00	TRBJ2-1*00
CASSGGPEAFF	TRBV9*00	TRBJ1-1*00
CASSGGETQYF	TRBV5-6*00	TRBJ2-5*00
CASSGDSEALF	TRBV7-9*00	TRBJ1-1*00
CASSGNYEQYF	TRBV27*00	TRBJ2-7*00
CASSGGFEAFF	TRBV6-5*00	TRBJ1-1*00
CASSDYYEQYF	TRBV6-1*00	TRBJ2-7*00
CASSDRLAQYF	TRBV9*00	TRBJ2-3*00
CASSDAGELFF	TRBV9*00	TRBJ2-2*00
CASSDGYGYIF	TRBV2*00	TRBJ1-2*00
CASSDGGELFF	TRBV9*00	TRBJ2-2*00
CASSDRDRVPF	TRBV2*00	TRBJ2-3*00
CASSDSYEQYF	TRBV28*00	TRBJ2-7*00
CASSDRVGYTF	TRBV9*00	TRBJ1-2*00
CASSDNGGYTF	TRBV9*00	TRBJ1-2*00
CASSEGYEQYF	TRBV12-3*00	TRBJ2-7*00
CASSEGGTQYF	TRBV7-3*00	TRBJ2-3*00
CASSEDNAQYF	TRBV7-9*00	TRBJ2-3*00
CASSESGELFF	TRBV9*00	TRBJ2-2*00
CASSEGHPEAF	TRBV5-8*00	TRBJ2-1*00
CASSIDYEQYF	TRBV13*00	TRBJ2-7*00
CASSIKETQYF	TRBV7-6*00	TRBJ2-5*00
CASSIIDEQFF	TRBV25-1*00	TRBJ2-1*00
CASSTEREQFF	TRBV7-9*00	TRBJ2-1*00
CASSTRGEQFF	TRBV7-9*00	TRBJ2-1*00
CASSTGETQYF	TRBV7-9*00	TRBJ2-5*00
CASSTGTEAFF	TRBV6-1*00	TRBJ1-1*00
CASSTRNEQYF	TRBV27*00	TRBJ2-7*00
CASSTGETQYF	TRBV4-2*00	TRBJ2-5*00
CASSTSTEQFF	TRBV27*00	TRBJ2-1*00
CASSTSYEQYF	TRBV11-3*00	TRBJ2-7*00
CASSTNTEAFF	TRBV7-9*00	TRBJ1-1*00
CASSSPYEQYF	TRBV11-2*00	TRBJ2-7*00
CASSSALEQFF	TRBV2*00	TRBJ2-1*00
CASSSGREQFF	TRBV4-2*00	TRBJ2-1*00
CASSSSGGPFF	TRBV7-9*00	TRBJ2-1*00
CASSSLGELFF	TRBV13*00	TRBJ2-2*00
CASSRGHEQYF	TRBV27*00	TRBJ2-7*00
CASSRDGEAFF	TRBV5-5*00	TRBJ1-1*00
CASSNWQTQYF	TRBV21-1*00	TRBJ2-5*00
CASSNGVEQFF	TRBV5-4*00	TRBJ2-1*00
CASSNEETQYF	TRBV9*00	TRBJ2-5*00
CASSNTETQCF	TRBV5-5*00	TRBJ2-5*00
CASSKNPGYTF	TRBV21-1*00	TRBJ1-2*00
CASRSGAGYTF	TRBV6-5*00	TRBJ1-2*00
CASRWSDTQYF	TRBV6-5*00	TRBJ2-3*00
CASRYNTEAFF	TRBV27*00	TRBJ1-1*00
CASRLRAGQFF	TRBV28*00	TRBJ2-1*00
CASRVGTEQYF	TRBV28*00	TRBJ2-7*00
CASRVMTEAFF	TRBV13*00	TRBJ1-1*00
CASRGYNEQFF	TRBV12-3*00	TRBJ2-1*00
CASRGSKGLFF	TRBV2*00	TRBJ2-2*00
CASRGGQLPYF	TRBV2*00	TRBJ2-7*00
CASRGAGTQYF	TRBV6-1*00	TRBJ2-3*00
CASRGAGTQNF	TRBV6-1*00	TRBJ2-3*00
CASRGTGGAFF	TRBV2*00	TRBJ1-1*00
CASRDTVEQYF	TRBV2*00	TRBJ2-7*00
CASREGTEAFF	TRBV2*00	TRBJ1-1*00
CASRTNNEQFF	TRBV3-1*00	TRBJ2-1*00
CASRTGGDQYF	TRBV27*00	TRBJ2-5*00
CASRTDEEQYF	TRBV7-9*00	TRBJ2-7*00
CASRTGSEQYF	TRBV6-2*00	TRBJ2-7*00
CASRTGTEAFF	TRBV2*00	TRBJ1-1*00
CASRSGHEQFF	TRBV28*00	TRBJ2-1*00
CASRSTGELFF	TRBV27*00	TRBJ2-2*00
CASRRAHEQYF	TRBV27*00	TRBJ2-7*00
CASRKRNEQFF	TRBV2*00	TRBJ2-1*00
CASRFPDGYTF	TRBV12-3*00	TRBJ1-2*00
CASRFGAEQFF	TRBV28*00	TRBJ2-1*00
CASRSNSPLHF	TRBV28*00	TRBJ1-6*00
CASRLGYGYTF	TRBV28*00	TRBJ1-2*00
CASRLNTEASF	TRBV6-5*00	TRBJ1-1*00
CASRLNTEAFF	TRBV4-2*00	TRBJ1-1*00
CASRRQETQYF	TRBV28*00	TRBJ2-5*00
CASRRGGGHTF	TRBV2*00	TRBJ1-2*00
CASRHRGGYTF	TRBV2*00	TRBJ1-2*00
CASRQGLGYTF	TRBV25-1*00	TRBJ1-2*00
CASRQNYEQYF	TRBV28*00	TRBJ2-7*00
CASRAGNGYTF	TRBV28*00	TRBJ1-2*00
CASRGPGGQFF	TRBV2*00	TRBJ2-1*00
CASRGGQPQHF	TRBV2*00	TRBJ1-5*00
CASRGWETQYF	TRBV7-8*00	TRBJ2-5*00
CASRGGYEQYF	TRBV6-2*00	TRBJ2-7*00
CASRDAYEQYF	TRBV2*00	TRBJ2-7*00
CASRDTYEQYF	TRBV2*00	TRBJ2-7*00
CASRDRVSQYF	TRBV2*00	TRBJ2-3*00
CASRESGELFF	TRBV2*00	TRBJ2-2*00
CASRERYTQYF	TRBV6-1*00	TRBJ2-3*00
CASRTNTEAFF	TRBV19*00	TRBJ1-1*00
CASRTSTEAFF	TRBV2*00	TRBJ1-1*00
CASNPGYGYTF	TRBV27*00	TRBJ1-2*00
CASNQGPEAFF	TRBV12-3*00	TRBJ1-1*00
CASNGWETQYF	TRBV28*00	TRBJ2-5*00
CASNLADTQYF	TRBV2*00	TRBJ2-3*00
CASNLGETQYF	TRBV6-5*00	TRBJ2-5*00
CASNPYNEQFF	TRBV7-9*00	TRBJ2-1*00
CASNPGGLAFF	TRBV2*00	TRBJ1-1*00
CASNRNYEQYF	TRBV5-5*00	TRBJ2-7*00
CASNHEDEQYF	TRBV3-1*00	TRBJ2-7*00
CASNHMDEQFF	TRBV27*00	TRBJ2-1*00
CASNADVEQYF	TRBV28*00	TRBJ2-7*00
CASNGNYGYTF	TRBV2*00	TRBJ1-2*00
CASNDYNEQFF	TRBV5-6*00	TRBJ2-1*00
CASKYSGTQYF	TRBV2*00	TRBJ2-3*00
CASKGMDTQYF	TRBV28*00	TRBJ2-3*00
CASKGYYGYTF	TRBV9*00	TRBJ1-2*00
CASKGAQPQHF	TRBV13*00	TRBJ1-5*00
CASKGRAEAFF	TRBV2*00	TRBJ1-1*00
CASKDSYEQYF	TRBV6-1*00	TRBJ2-7*00
CASKMGLEQFF	TRBV2*00	TRBJ2-1*00
CASKSLTPLHF	TRBV28*00	TRBJ1-6*00
CASKYQETQYF	TRBV6-2*00	TRBJ2-5*00
CASKLGNEQFF	TRBV13*00	TRBJ2-1*00
CASKGNTEAFF	TRBV7-9*00	TRBJ1-1*00
CASKIGETQYF	TRBV12-3*00	TRBJ2-5*00
CASKNGVGYTF	TRBV27*00	TRBJ1-2*00
CARAQGHEQFF	TRBV7-9*00	TRBJ2-1*00
CARGVLDTQYF	TRBV11-3*00	TRBJ2-3*00
CARDSYYGYTF	TRBV2*00	TRBJ1-2*00
CARERQETQYF	TRBV2*00	TRBJ2-5*00
CARTTGYGYTF	TRBV2*00	TRBJ1-2*00
CARTDAGELFF	TRBV7-2*00	TRBJ2-2*00
CARSLITEAFF	TRBV5-5*00	TRBJ1-1*00
CARPLGETQYF	TRBV6-6*00	TRBJ2-5*00
CARRGEETQYF	TRBV2*00	TRBJ2-5*00
CARSRDDTQYF	TRBV7-9*00	TRBJ2-3*00
CARSLTGEAFF	TRBV7-9*00	TRBJ1-1*00
CARRQGTIQYF	TRBV25-1*00	TRBJ2-4*00
CANNCRTEAFF	TRBV21-1*00	TRBJ1-1*00
CANLVRGEQFF	TRBV2*00	TRBJ2-1*00
CANLAKNIQYF	TRBV2*00	TRBJ2-4*00
CANRNYNEQFF	TRBV2*00	TRBJ2-1*00
CANVIADTQYF	TRBV13*00	TRBJ2-3*00
CAKGPPNEQFF	TRBV2*00	TRBJ2-1*00
CASSLGLVPFF	TRBV11-3*00	TRBJ2-1*00
CAADRGAEAFF	TRBV2*00	TRBJ1-1*00
CASRLGGEAFF	TRBV12-2*00	TRBJ1-1*00
CASSSREKLFF	TRBV11-2*00	TRBJ1-4*00
CASSQGVEAFF	TRBV3-1*00	TRBJ1-1*00
CASSVGSEQFF	TRBV9*00	TRBJ2-1*00
CGSSLGDEQFF	TRBV12-3*00	TRBJ2-1*00
CGSSLAGELFF	TRBV5-6*00	TRBJ2-2*00
CGSSMRDEQYF	TRBV3-1*00	TRBJ2-7*00
CGSRLQETQYF	TRBV12-3*00	TRBJ2-5*00
CGTGRTDTQYF	TRBV6-1*00	TRBJ2-3*00
CDSGGLGTQYF	TRBV12-3*00	TRBJ2-5*00
CEGGQDPEAFF	TRBV12-5*00	TRBJ1-1*00
CESGGVYEQFF	TRBV27*00	TRBJ2-1*00
CITDSYNEQFF	TRBV7-9*00	TRBJ2-1*00
CTTSSLGGYTF	TRBV15*00	TRBJ1-2*00
CTSSPGQEAFF	TRBV12-3*00	TRBJ1-1*00
CSSSFYNEQFF	TRBV5-1*00	TRBJ2-1*00
CRLQGSYGYTF	TRBV7-9*00	TRBJ1-2*00
CVSSQDGEQFF	TRBV4-1*00	TRBJ2-1*00
CASSQGYEQYF	TRBV4-1*00	TRBJ2-7*00
CAVGITYEQYF	TRBV20-1*00	TRBJ2-7*00
CAGSQQETQYF	TRBV4-1*00	TRBJ2-5*00
CATSGDTEAFF	TRBV10-2*00	TRBJ1-1*00
CATTDLREQYF	TRBV10-2*00	TRBJ2-7*00
CATHQTGELFF	TRBV12-3*00	TRBJ2-2*00
CATSYAGELFF	TRBV5-1*00	TRBJ2-2*00
CASYVSGELFF	TRBV6-6*00	TRBJ2-2*00
CASLGPGTQYF	TRBV10-2*00	TRBJ2-3*00
CASRDNYEQYF	TRBV10-2*00	TRBJ2-7*00
CASVDTDTQYF	TRBV10-2*00	TRBJ2-3*00
CASADGDEQYF	TRBV5-1*00	TRBJ2-7*00
CASAGAETQYF	TRBV5-1*00	TRBJ2-5*00
CASGGAKVLTF	TRBV5-1*00	TRBJ2-6*00
CASGEYNEQFF	TRBV5-1*00	TRBJ2-1*00
CASGDQYEQYF	TRBV5-1*00	TRBJ2-7*00
CASGRGYEQYF	TRBV10-2*00	TRBJ2-7*00
CASGDTGELFF	TRBV10-2*00	TRBJ2-2*00
CASMLGTEAFF	TRBV5-1*00	TRBJ1-1*00
CASTPNTEAFF	TRBV10-2*00	TRBJ1-1*00
CASSLASEQYF	TRBV12-3*00	TRBJ2-7*00
CASSSDYEQYF	TRBV5-1*00	TRBJ2-7*00
CASSWGNEQFF	TRBV4-1*00	TRBJ2-1*00
CASSRGQELYF	TRBV23-1*00	TRBJ2-7*00
CASSVGDEAFF	TRBV10-2*00	TRBJ1-1*00
CASSVGYEQYF	TRBV10-2*00	TRBJ2-7*00
CASSVGSEQYF	TRBV10-1*00	TRBJ2-7*00
CASSGSGEQYF	TRBV5-1*00	TRBJ2-7*00
CASSGEDEQFF	TRBV10-1*00	TRBJ2-1*00
CASSDGNTQYF	TRBV10-1*00	TRBJ2-3*00
CASSDPAEQFF	TRBV10-2*00	TRBJ2-1*00
CASSDGQEQFF	TRBV10-1*00	TRBJ2-1*00
CASSESYEQYF	TRBV10-2*00	TRBJ2-7*00
CASSEGGPQHF	TRBV10-2*00	TRBJ1-5*00
CASSEGYEQYF	TRBV10-2*00	TRBJ2-7*00
CASSEGAQGFF	TRBV10-2*00	TRBJ2-4*00
CASSIGGELFF	TRBV5-1*00	TRBJ2-2*00
CASSMNTEAFF	TRBV10-2*00	TRBJ1-1*00
CASSFSNEQFF	TRBV5-1*00	TRBJ2-1*00
CASSFGGELFF	TRBV5-1*00	TRBJ2-2*00
CASSFGGEQFF	TRBV4-1*00	TRBJ2-1*00
CASSLLGYAFF	TRBV5-1*00	TRBJ1-1*00
CASSLAVEQFF	TRBV5-1*00	TRBJ2-1*00
CASSLGYEQYF	TRBV5-1*00	TRBJ2-7*00
CASSLDGTQYF	TRBV5-1*00	TRBJ2-5*00
CASSLDGEQYF	TRBV5-1*00	TRBJ2-7*00
CASSLENEQIF	TRBV5-1*00	TRBJ2-1*00
CASSLRGEQFF	TRBV5-1*00	TRBJ2-1*00
CASSLGYEQYF	TRBV5-1*00	TRBJ2-7*00
CASSLGGEAFF	TRBV5-1*00	TRBJ1-1*00
CASSSYYEQYF	TRBV5-1*00	TRBJ2-7*00
CASSSRNEQYF	TRBV4-1*00	TRBJ2-7*00
CASSSTGELFF	TRBV5-1*00	TRBJ2-2*00
CASSLANVLTF	TRBV5-1*00	TRBJ2-6*00
CASSLGYEQYF	TRBV5-1*00	TRBJ2-7*00
CASSPSHEQYF	TRBV11-2*00	TRBJ2-7*00
CASSRGGEQFF	TRBV4-1*00	TRBJ2-1*00
CASSRGAEAFF	TRBV5-1*00	TRBJ1-1*00
CASSHGQEQYF	TRBV4-1*00	TRBJ2-7*00
CASSQGSEQFF	TRBV4-1*00	TRBJ2-1*00
CASSQGQIQFF	TRBV4-1*00	TRBJ2-1*00
CASSQAGEPFF	TRBV4-1*00	TRBJ2-2*00
CASSQAGGYTF	TRBV4-1*00	TRBJ1-2*00
CASSQGETQYF	TRBV4-1*00	TRBJ2-5*00
CASSQGGEQYF	TRBV4-1*00	TRBJ2-7*00
CASSQDWGYTF	TRBV4-1*00	TRBJ1-2*00
CASSQDVGIYF	TRBV4-1*00	TRBJ2-5*00
CASSQDTEAFF	TRBV4-1*00	TRBJ1-1*00
CASSQEGTQYF	TRBV4-1*00	TRBJ2-3*00
CASSQNDGYTF	TRBV4-1*00	TRBJ1-2*00
CASSQKCEAFF	TRBV4-1*00	TRBJ1-1*00
CASSQKQEQFF	TRBV4-1*00	TRBJ2-1*00
CASSQKEKLFF	TRBV4-1*00	TRBJ1-4*00
CASSVGEEQFF	TRBV5-1*00	TRBJ2-1*00
CASSAGNTIYF	TRBV5-1*00	TRBJ1-3*00
CASSIGGELFF	TRBV5-1*00	TRBJ2-2*00
CASSMGREQFF	TRBV5-1*00	TRBJ2-1*00
CASSMNNELFF	TRBV5-1*00	TRBJ2-1*00
CASSMNGELFF	TRBV10-1*00	TRBJ2-2*00
CASSKYNEQFF	TRBV5-1*00	TRBJ2-1*00
CASRGFDGYTF	TRBV5-1*00	TRBJ1-2*00
CASREPNEQFF	TRBV10-2*00	TRBJ2-1*00
CASRTGDTQYF	TRBV10-2*00	TRBJ2-3*00
CASRTDVEAFF	TRBV5-1*00	TRBJ1-1*00
CASRLRSEQYF	TRBV5-1*00	TRBJ2-7*00
CASRQGYGYTF	TRBV10-2*00	TRBJ1-2*00
CASNGNTEAFF	TRBV5-1*00	TRBJ1-1*00
CASKGELGQYF	TRBV4-1*00	TRBJ2-7*00
CASKWGDTQYF	TRBV23-1*00	TRBJ2-3*00
CANSSVETQYF	TRBV5-1*00	TRBJ2-5*00
CGAGSTGEQFF	TRBV20-1*00	TRBJ2-1*00
CGVGGTRRLFF	TRBV29-1*00	TRBJ2-2*00
CGVGSSYGYTF	TRBV29-1*00	TRBJ1-2*00
CGTVAKNIQYF	TRBV2*00	TRBJ2-4*00
CTARVVYEQYF	TRBV20-1*00	TRBJ2-7*00
CTVTIWDTQYF	TRBV29-1*00	TRBJ2-3*00
CTSSQRETQYF	TRBV4-1*00	TRBJ2-5*00
CTSRGGYEQYF	TRBV5-1*00	TRBJ2-7*00
CSVLFSYEQYF	TRBV20-1*00	TRBJ2-7*00
CSVRDLTEAFF	TRBV20-1*00	TRBJ1-1*00
CSVLGEETQYF	TRBV20-1*00	TRBJ2-5*00
CSVPSGNEQFF	TRBV20-1*00	TRBJ2-1*00
CSVRAGSEQYF	TRBV20-1*00	TRBJ2-7*00
CSAFRGETQYF	TRBV20-1*00	TRBJ2-5*00
CSAFITGELFF	TRBV20-1*00	TRBJ2-2*00
CSAWGGNEQFF	TRBV20-1*00	TRBJ2-1*00
CSAPVANEQFF	TRBV20-1*00	TRBJ2-1*00
CSAPLPTEAFF	TRBV20-1*00	TRBJ1-1*00
CSAPDNTEAFF	TRBV20-1*00	TRBJ1-1*00
CSAPGTGEAFF	TRBV20-1*00	TRBJ1-1*00
CSAPRPHEQFF	TRBV20-1*00	TRBJ2-1*00
CSARRGDEQFF	TRBV20-1*00	TRBJ2-1*00
CSARFSGEQFF	TRBV20-1*00	TRBJ2-1*00
CSAQEGYGYTF	TRBV20-1*00	TRBJ1-2*00
CSAQMGNELFF	TRBV20-1*00	TRBJ2-1*00
CSAARSYEQYF	TRBV20-1*00	TRBJ2-7*00
CSAGLGNEHFF	TRBV20-1*00	TRBJ2-1*00
CSAGTLYEQYF	TRBV20-1*00	TRBJ2-7*00
CSAGNSCEQFF	TRBV20-1*00	TRBJ2-1*00
CSADLPDTQYF	TRBV20-1*00	TRBJ2-3*00
CSAEDGYEQYF	TRBV20-1*00	TRBJ2-7*00
CSAIRGDTQYF	TRBV20-1*00	TRBJ2-3*00
CSAIDYDEQYF	TRBV20-1*00	TRBJ2-7*00
CSAMSYTEAFF	TRBV20-1*00	TRBJ1-1*00
CSATGGGEAFF	TRBV20-1*00	TRBJ1-1*00
CSASYGYEQYF	TRBV20-1*00	TRBJ2-7*00
CSASRGNEQFF	TRBV20-1*00	TRBJ2-1*00
CSASVYTEAFF	TRBV20-1*00	TRBJ1-1*00
CSASGGETQYF	TRBV20-1*00	TRBJ2-5*00
CSASELDEQYF	TRBV20-1*00	TRBJ2-7*00
CSASREYEQYF	TRBV20-1*00	TRBJ2-7*00
CSASSTGGLFF	TRBV20-1*00	TRBJ1-4*00
CSASDLLEAFF	TRBV20-1*00	TRBJ1-1*00
CSASEVNEQYF	TRBV20-1*00	TRBJ2-7*00
CSARFGVEQFF	TRBV20-1*00	TRBJ2-1*00
CSARWGGEQFF	TRBV20-1*00	TRBJ2-1*00
CSARLGYEQYF	TRBV20-1*00	TRBJ2-7*00
CSARAGREQFF	TRBV20-1*00	TRBJ2-1*00
CSARGGPEAFF	TRBV20-1*00	TRBJ1-1*00
CSARQTGELFF	TRBV20-1*00	TRBJ2-2*00
CSARVVIEQFF	TRBV20-1*00	TRBJ2-1*00
CSARAADTQYF	TRBV20-1*00	TRBJ2-3*00
CSARGRTEAFF	TRBV20-1*00	TRBJ1-1*00
CSARGGNTIYF	TRBV20-1*00	TRBJ1-3*00
CSARDWPQAFF	TRBV20-1*00	TRBJ1-1*00
CSARDAGQQFF	TRBV20-1*00	TRBJ2-1*00
CSARDGPVETF	TRBV20-1*00	TRBJ1-2*00
CSARDGVEQFF	TRBV20-1*00	TRBJ2-1*00
CSARDGETQYF	TRBV20-1*00	TRBJ2-5*00
CSAREEYGYTF	TRBV20-1*00	TRBJ1-2*00
CSARIDYEQFF	TRBV20-1*00	TRBJ2-1*00
CSARSVSEQFF	TRBV20-1*00	TRBJ2-1*00
CSAKTGGKQFF	TRBV20-1*00	TRBJ2-1*00
CSAKLVGEQFF	TRBV20-1*00	TRBJ2-1*00
CSAKGTNEQYF	TRBV20-1*00	TRBJ2-7*00
CSAKEVDTQYF	TRBV20-1*00	TRBJ2-3*00
CSALEGGSQYF	TRBV20-1*00	TRBJ2-5*00
CSALGGYEQYF	TRBV20-1*00	TRBJ2-7*00
CSALDGNEQFF	TRBV20-1*00	TRBJ2-1*00
CSAPSGNTINF	TRBV20-1*00	TRBJ1-3*00
CSAPRVTEAFF	TRBV20-1*00	TRBJ1-1*00
CSAPATGELFF	TRBV20-1*00	TRBJ2-2*00
CSAHGGYEQYF	TRBV20-1*00	TRBJ2-7*00
CSAHEGDTQYF	TRBV20-1*00	TRBJ2-3*00
CSATAYNEQFF	TRBV20-1*00	TRBJ2-1*00
CSATQDFEQYF	TRBV20-1*00	TRBJ2-7*00
CSARRDYQQYF	TRBV20-1*00	TRBJ2-7*00
CSARTGGTQYF	TRBV20-1*00	TRBJ2-5*00
CSARTEYGYTF	TRBV20-1*00	TRBJ1-2*00
CSARLYNEQFF	TRBV20-1*00	TRBJ2-1*00
CSARQVTEAFF	TRBV20-1*00	TRBJ1-1*00
CSALYGYEQYF	TRBV20-1*00	TRBJ2-7*00
CSARQVYEQYF	TRBV20-1*00	TRBJ2-7*00
CSARQDREQYF	TRBV20-1*00	TRBJ2-7*00
CSAAVSGELFF	TRBV20-1*00	TRBJ2-2*00
CSAGVKYEQYF	TRBV20-1*00	TRBJ2-7*00
CSAELVNIQYF	TRBV20-1*00	TRBJ2-4*00
CSARGAGELFF	TRBV20-1*00	TRBJ2-2*00
CSARLVAEAFF	TRBV20-1*00	TRBJ1-1*00
CSANRDYEQYF	TRBV20-1*00	TRBJ2-7*00
CSAKLVSEQFF	TRBV20-1*00	TRBJ2-1*00
CSASLLDTQYF	TRBV20-1*00	TRBJ2-3*00
CSAPNGNEQFF	TRBV20-1*00	TRBJ2-1*00
CSARSAGVQFF	TRBV20-1*00	TRBJ2-1*00
CSARAEGTQHF	TRBV20-1*00	TRBJ2-3*00
CSATMKNIQYF	TRBV20-1*00	TRBJ2-4*00
CSATGTDEQYF	TRBV20-1*00	TRBJ2-7*00
CSASVYTEAFF	TRBV20-1*00	TRBJ1-1*00
CSARDSGEAFF	TRBV20-1*00	TRBJ1-1*00
CSANKGAEQFF	TRBV20-1*00	TRBJ2-1*00
CSAKSRVRLYF	TRBV20-1*00	TRBJ2-7*00
CSGHHLETQYF	TRBV20-1*00	TRBJ2-5*00
CSGGSETEAFF	TRBV20-1*00	TRBJ1-1*00
CSDTGGTEAFF	TRBV20-1*00	TRBJ1-1*00
CSIQLNTEAFF	TRBV20-1*00	TRBJ1-1*00
CSYLQGAEAFF	TRBV29-1*00	TRBJ1-1*00
CSLREGTEAFF	TRBV29-1*00	TRBJ1-1*00
CSVWYTGELFF	TRBV29-1*00	TRBJ2-2*00
CSVWEANVLTF	TRBV29-1*00	TRBJ2-6*00
CSVYSGNTIYF	TRBV29-1*00	TRBJ1-3*00
CSVPGDTEAFF	TRBV29-1*00	TRBJ1-1*00
CSVHSTGELFF	TRBV29-1*00	TRBJ2-2*00
CSVHSDHEQFF	TRBV29-1*00	TRBJ2-1*00
CSVHRAIEQFF	TRBV29-1*00	TRBJ2-1*00
CSVVWNNEQFF	TRBV29-1*00	TRBJ2-1*00
CSVVGSNEAFF	TRBV29-1*00	TRBJ1-1*00
CSVVMNTEAFF	TRBV29-1*00	TRBJ1-1*00
CSVVGTRGLFF	TRBV29-1*00	TRBJ2-1*00
CSVVSNTEAFF	TRBV29-1*00	TRBJ1-1*00
CSVAGIHEQYF	TRBV29-1*00	TRBJ2-7*00
CSVAVLGVEYF	TRBV29-1*00	TRBJ2-7*00
CSVAVSGELFF	TRBV29-1*00	TRBJ2-2*00
CSVAGANEQYF	TRBV29-1*00	TRBJ2-7*00
CSVATRDGYTF	TRBV29-1*00	TRBJ1-2*00
CSVGRYPEAFF	TRBV29-1*00	TRBJ1-1*00
CSVGLGYEQYF	TRBV29-1*00	TRBJ2-7*00
CSVGGGAGAFF	TRBV29-1*00	TRBJ1-1*00
CSVGGRETQYF	TRBV29-1*00	TRBJ2-5*00
CSVDLGNEQFF	TRBV29-1*00	TRBJ2-1*00
CSVDRTVEAFF	TRBV29-1*00	TRBJ1-1*00
CSVDRGYEQYF	TRBV29-1*00	TRBJ2-7*00
CSVDRGYEQYF	TRBV29-1*00	TRBJ2-7*00
CSVEWNYGYTF	TRBV29-1*00	TRBJ1-2*00
CSVELQGGLFF	TRBV29-1*00	TRBJ1-4*00
CSVEVRDGYTF	TRBV29-1*00	TRBJ1-2*00
CSVEGNNEQFF	TRBV29-1*00	TRBJ2-1*00
CSVEDGYEQYF	TRBV29-1*00	TRBJ2-7*00
CSVEIRYEQYF	TRBV29-1*00	TRBJ2-7*00
CSVERGTEAFF	TRBV29-1*00	TRBJ1-1*00
CSVESYNEQFF	TRBV29-1*00	TRBJ2-1*00
CSVEHGNTIYF	TRBV29-1*00	TRBJ1-3*00
CSVEQNTKAFF	TRBV29-1*00	TRBJ1-1*00
CSVEVQYTQYF	TRBV29-1*00	TRBJ2-3*00
CSVEAGNTIYF	TRBV29-1*00	TRBJ1-3*00
CSVEGNGEQFF	TRBV29-1*00	TRBJ2-1*00
CSVEGGTEAFF	TRBV29-1*00	TRBJ1-1*00
CSVEGGNEQFF	TRBV29-1*00	TRBJ2-1*00
CSVEDLYEQYF	TRBV29-1*00	TRBJ2-7*00
CSVEDHNTIYF	TRBV29-1*00	TRBJ1-3*00
CSVEDGGIGDF	TRBV29-1*00	TRBJ2-4*00
CSVEEGYEQYF	TRBV29-1*00	TRBJ2-7*00
CSVEEGTEAFF	TRBV29-1*00	TRBJ1-1*00
CSVEEPPEQFF	TRBV29-1*00	TRBJ2-1*00
CSVEREGTDKF	TRBV29-1*00	TRBJ2-1*00
CSVENRETQYF	TRBV29-1*00	TRBJ2-5*00
CSVENRKTQYF	TRBV29-1*00	TRBJ2-5*00
CSVEKRGHPYF	TRBV29-1*00	TRBJ2-7*00
CSVTQDREQYF	TRBV29-1*00	TRBJ2-7*00
CSVRQGTEAFF	TRBV29-1*00	TRBJ1-1*00
CSVYSGNTIYF	TRBV29-1*00	TRBJ1-3*00
CSVPSTDTQYF	TRBV29-1*00	TRBJ2-3*00
CSVVTGVGQFF	TRBV29-1*00	TRBJ2-1*00
CSVADRTEAFF	TRBV29-1*00	TRBJ1-1*00
CSVGGEVGYTF	TRBV29-1*00	TRBJ1-2*00
CSVGQGVGYTF	TRBV29-1*00	TRBJ1-2*00
CSVEGDYEQYF	TRBV29-1*00	TRBJ2-7*00
CSVTGNTEAFF	TRBV29-1*00	TRBJ1-1*00
CSVLTGVKAFF	TRBV29-1*00	TRBJ1-1*00
CSVVEHETQYF	TRBV29-1*00	TRBJ2-5*00
CSVVTGNGYTF	TRBV29-1*00	TRBJ1-2*00
CSVGRGSEAFF	TRBV29-1*00	TRBJ1-1*00
CSVGQGNEQFF	TRBV29-1*00	TRBJ2-1*00
CSVGEGYEQYF	TRBV29-1*00	TRBJ2-7*00
CSVGEAYEQYF	TRBV29-1*00	TRBJ2-7*00
CSVDLRTEAFF	TRBV29-1*00	TRBJ1-1*00
CSVDSGYEQYF	TRBV29-1*00	TRBJ2-7*00
CSVEGRDGYTF	TRBV29-1*00	TRBJ1-2*00
CSVEDLTEAFF	TRBV29-1*00	TRBJ1-1*00
CSVEKDTEAFF	TRBV29-1*00	TRBJ1-1*00
CSVTDIDTQYF	TRBV29-1*00	TRBJ2-3*00
CSVQIYNEQFF	TRBV29-1*00	TRBJ2-1*00
CSVATGREAFF	TRBV29-1*00	TRBJ1-1*00
CSVADRDGYTF	TRBV29-1*00	TRBJ1-2*00
CSAPRGRELFF	TRBV29-1*00	TRBJ2-2*00
CSAASNYGYTF	TRBV29-1*00	TRBJ1-2*00
CSADPHNEQFF	TRBV29-1*00	TRBJ2-1*00
CSAAGEETQYF	TRBV29-1*00	TRBJ2-5*00
CSAAGSYGYTF	TRBV29-1*00	TRBJ1-2*00
CSALTGLAQYF	TRBV29-1*00	TRBJ2-5*00
CSGGTTYEQYF	TRBV29-1*00	TRBJ2-7*00
CSGARLNEQFF	TRBV20-1*00	TRBJ2-1*00
CSGAYGYGYTF	TRBV29-1*00	TRBJ1-2*00
CSGEQGYEQYF	TRBV29-1*00	TRBJ2-7*00
CSGKQGVEQYF	TRBV29-1*00	TRBJ2-7*00
CRGTGQGADTF	TRBV29-1*00	TRBJ1-2*00
CNVAADNEQFF	TRBV29-1*00	TRBJ2-1*00
CKPLSTDTQYF	TRBV20-1*00	TRBJ2-3*00
CKVDRDYGYTF	TRBV20-1*00	TRBJ1-2*00
CSSGRSEQFF	TRBV12-3*00	TRBJ2-1*00
CASGSYEQFF	TRBV12-5*00	TRBJ2-1*00
CASQAAGLFF	TRBV2*00	TRBJ2-1*00
CASAQYEQYF	TRBV7-9*00	TRBJ2-7*00
CASGSGEQYF	TRBV7-9*00	TRBJ2-7*00
CASTGNEQFF	TRBV2*00	TRBJ2-1*00
CARPDREQFF	TRBV19*00	TRBJ2-1*00
CAQMNTEAFF	TRBV2*00	TRBJ1-1*00
CAVSGNEQFF	TRBV2*00	TRBJ2-1*00
CAVPAPSLFF	TRBV7-9*00	TRBJ2-1*00
CAVGDYEQYF	TRBV28*00	TRBJ2-7*00
CAAGLYEQCF	TRBV3-1*00	TRBJ2-7*00
CAAGKNTIYF	TRBV2*00	TRBJ1-3*00
CAAGVNEQFF	TRBV27*00	TRBJ2-1*00
CAGGPDEQYF	TRBV6-4*00	TRBJ2-7*00
CAGKGNIQYF	TRBV28*00	TRBJ2-4*00
CADGEVEQFF	TRBV7-2*00	TRBJ2-1*00
CAIIGDTQYF	TRBV2*00	TRBJ2-3*00
CAILQETQYF	TRBV7-8*00	TRBJ2-5*00
CAISTNTQYF	TRBV2*00	TRBJ2-3*00
CAIQESSQYF	TRBV2*00	TRBJ2-5*00
CAIGGNEQFF	TRBV24-1*00	TRBJ2-1*00
CAIGTYEQYF	TRBV28*00	TRBJ2-7*00
CAITLRQQYF	TRBV2*00	TRBJ2-3*00
CAISDGFFYF	TRBV10-3*00	TRBJ2-7*00
CAISFREQFF	TRBV7-9*00	TRBJ2-1*00
CATGGYEQFF	TRBV2*00	TRBJ2-1*00
CATPVQTQYF	TRBV13*00	TRBJ2-5*00
CATQSTGYTF	TRBV2*00	TRBJ1-2*00
CATGTGRAFF	TRBV10-3*00	TRBJ1-1*00
CATTTDTQYF	TRBV24-1*00	TRBJ2-3*00
CATTTDTQYF	TRBV2*00	TRBJ2-3*00
CATSDGGRFF	TRBV24-1*00	TRBJ2-1*00
CATNTGELFF	TRBV7-9*00	TRBJ2-2*00
CATRGGEQYF	TRBV6-1*00	TRBJ2-7*00
CASSGTEAFF	TRBV2*00	TRBJ1-1*00
CASAQDIQYF	TRBV19*00	TRBJ2-4*00
CASEYNEQFF	TRBV7-9*00	TRBJ2-1*00
CASSDNEQFF	TRBV2*00	TRBJ2-1*00
CASRGFEAFF	TRBV19*00	TRBJ1-1*00
CASRIQPQHF	TRBV19*00	TRBJ1-5*00
CASRGLEQFF	TRBV19*00	TRBJ2-1*00
CASFGGELFF	TRBV6-5*00	TRBJ2-2*00
CASLAGTQYF	TRBV2*00	TRBJ2-3*00
CASSRDTQYF	TRBV18*00	TRBJ2-3*00
CASSKQEAFF	TRBV12-3*00	TRBJ1-1*00
CASSGNEQFF	TRBV2*00	TRBJ2-1*00
CASSQETQYF	TRBV25-1*00	TRBJ2-5*00
CASWTTEAFF	TRBV2*00	TRBJ1-1*00
CASLWDEQYF	TRBV27*00	TRBJ2-7*00
CASLRGAQYF	TRBV2*00	TRBJ2-5*00
CASRGAEQYF	TRBV2*00	TRBJ2-7*00
CASRGDTQYF	TRBV12-3*00	TRBJ2-3*00
CASRVNEQFF	TRBV2*00	TRBJ2-1*00
CASRGYGYTF	TRBV2*00	TRBJ1-2*00
CASRGGSYTF	TRBV12-3*00	TRBJ1-2*00
CASRGDTIYF	TRBV6-5*00	TRBJ1-3*00
CASRGAEQFF	TRBV25-1*00	TRBJ2-1*00
CASQADGYTF	TRBV7-9*00	TRBJ1-2*00
CASQDSVRHF	TRBV28*00	TRBJ1-5*00
CASVGNEQYF	TRBV28*00	TRBJ2-7*00
CASVLDTQYF	TRBV2*00	TRBJ2-3*00
CASATGELFF	TRBV12-3*00	TRBJ2-2*00
CASGSDEQYF	TRBV2*00	TRBJ2-7*00
CASGYAEQYF	TRBV27*00	TRBJ2-7*00
CASGPNTQYF	TRBV28*00	TRBJ2-3*00
CASGVGELFF	TRBV27*00	TRBJ2-2*00
CASGVDEQYF	TRBV2*00	TRBJ2-7*00
CASGASVQYF	TRBV28*00	TRBJ2-3*00
CASGAGRAFF	TRBV9*00	TRBJ1-1*00
CASGGGEQFF	TRBV2*00	TRBJ2-1*00
CASGGEEQYF	TRBV2*00	TRBJ2-7*00
CASGENEQFF	TRBV6-2*00	TRBJ2-1*00
CASGIETQYF	TRBV27*00	TRBJ2-5*00
CASDWAQQFF	TRBV2*00	TRBJ2-1*00
CASEQETQYF	TRBV2*00	TRBJ2-5*00
CASIRAEAFF	TRBV2*00	TRBJ1-1*00
CASMIDTQYF	TRBV2*00	TRBJ2-3*00
CASIANEQFF	TRBV2*00	TRBJ2-1*00
CASIGNEQFF	TRBV2*00	TRBJ2-1*00
CASIDDEQYF	TRBV2*00	TRBJ2-7*00
CASTGLGYTF	TRBV2*00	TRBJ1-2*00
CASTLDTQYF	TRBV2*00	TRBJ2-3*00
CASTGNEQFF	TRBV28*00	TRBJ2-1*00
CASTGEKLFF	TRBV2*00	TRBJ1-4*00
CASSLYEQFF	TRBV28*00	TRBJ2-1*00
CASSLGEQFF	TRBV28*00	TRBJ2-1*00
CASSLDEQYF	TRBV12-3*00	TRBJ2-7*00
CASSSDGTFF	TRBV12-3*00	TRBJ2-1*00
CASSSGEQFF	TRBV28*00	TRBJ2-1*00
CASSHTEQYF	TRBV6-1*00	TRBJ2-7*00
CASSQNEQFF	TRBV6-1*00	TRBJ2-1*00
CASSVYEQYF	TRBV25-1*00	TRBJ2-7*00
CASSAREQFF	TRBV2*00	TRBJ2-1*00
CASSGRKQFF	TRBV2*00	TRBJ2-1*00
CASSGFEQYF	TRBV2*00	TRBJ2-7*00
CASSGLGAFF	TRBV2*00	TRBJ1-1*00
CASSGDEQYF	TRBV2*00	TRBJ2-7*00
CASSGPEQYF	TRBV2*00	TRBJ2-7*00
CASSGRGAFF	TRBV2*00	TRBJ1-1*00
CASSDGEQYF	TRBV2*00	TRBJ2-7*00
CASSDGSQYF	TRBV2*00	TRBJ2-5*00
CASSDDEQYF	TRBV2*00	TRBJ2-7*00
CASSDDEQFF	TRBV2*00	TRBJ2-1*00
CASSDRVGTF	TRBV2*00	TRBJ1-2*00
CASSEYEQYF	TRBV2*00	TRBJ2-7*00
CASSEREKYF	TRBV25-1*00	TRBJ2-7*00
CASSEQPQHF	TRBV6-1*00	TRBJ1-5*00
CASSEDATFF	TRBV2*00	TRBJ1-1*00
CASSENGYTF	TRBV25-1*00	TRBJ1-2*00
CASSNGEQFF	TRBV2*00	TRBJ2-1*00
CASSKGTQYF	TRBV27*00	TRBJ2-3*00
CASSFGELFF	TRBV7-2*00	TRBJ2-2*00
CASSFYEQYF	TRBV7-9*00	TRBJ2-7*00
CASSLLGYTF	TRBV5-4*00	TRBJ1-2*00
CASSLVEQYF	TRBV11-2*00	TRBJ2-7*00
CASSLVSAFF	TRBV7-9*00	TRBJ1-1*00
CASSLGQAFF	TRBV7-9*00	TRBJ1-1*00
CASSLGTPFF	TRBV7-9*00	TRBJ2-1*00
CASSLIGYTF	TRBV11-2*00	TRBJ1-2*00
CASSLTEQFF	TRBV7-9*00	TRBJ2-1*00
CASSSLEQFF	TRBV2*00	TRBJ2-1*00
CASSSGELFF	TRBV7-9*00	TRBJ2-2*00
CASSSDACYF	TRBV5-8*00	TRBJ2-3*00
CASSSDGYTF	TRBV12-3*00	TRBJ1-2*00
CASSPRGAFF	TRBV7-9*00	TRBJ1-1*00
CASSPHRLYF	TRBV11-2*00	TRBJ2-3*00
CASSPSKAFF	TRBV9*00	TRBJ1-1*00
CASSPREQFF	TRBV9*00	TRBJ2-1*00
CASSQTPRYF	TRBV4-2*00	TRBJ2-4*00
CASSVVRAFF	TRBV9*00	TRBJ1-1*00
CASSVDEQYF	TRBV9*00	TRBJ2-7*00
CASSGSGYTF	TRBV9*00	TRBJ1-2*00
CASSGRELFF	TRBV9*00	TRBJ2-2*00
CASSGAGYTF	TRBV9*00	TRBJ1-2*00
CASSGDRQFF	TRBV9*00	TRBJ2-1*00
CASSGSEAFF	TRBV9*00	TRBJ1-1*00
CASSGGEQFF	TRBV9*00	TRBJ2-1*00
CASSGGELFF	TRBV7-8*00	TRBJ2-2*00
CASSGDKQYF	TRBV9*00	TRBJ2-7*00
CASSGWGYTF	TRBV9*00	TRBJ1-2*00
CASSGLEQFF	TRBV7-9*00	TRBJ2-1*00
CASSRDTQYF	TRBV28*00	TRBJ2-3*00
CASSRGTQYF	TRBV2*00	TRBJ2-5*00
CASRRLPEYF	TRBV21-1*00	TRBJ2-7*00
CASRGGEAFF	TRBV2*00	TRBJ1-1*00
CASRGDNYTF	TRBV2*00	TRBJ1-2*00
CASRGQGQFF	TRBV2*00	TRBJ2-1*00
CASRGSEQFF	TRBV2*00	TRBJ2-1*00
CASRGVRAFF	TRBV5-5*00	TRBJ1-1*00
CASRGGTQYF	TRBV2*00	TRBJ2-3*00
CASRGSEQFF	TRBV2*00	TRBJ2-1*00
CASRGSPLHF	TRBV2*00	TRBJ1-6*00
CASRGDEQYF	TRBV2*00	TRBJ2-7*00
CASRGTGFQF	TRBV2*00	TRBJ2-7*00
CASRGSEQFF	TRBV2*00	TRBJ2-1*00
CASRICEAFF	TRBV6-7*00	TRBJ1-1*00
CASRLGVSAF	TRBV7-2*00	TRBJ2-2*00
CASRPNVLTF	TRBV7-9*00	TRBJ2-6*00
CASRQYGYTF	TRBV6-2*00	TRBJ1-2*00
CASRGPEQYF	TRBV7-9*00	TRBJ2-7*00
CASRGGELFF	TRBV2*00	TRBJ2-2*00
CASRGDEAFF	TRBV2*00	TRBJ1-1*00
CASRGPKQYF	TRBV2*00	TRBJ2-7*00
CASRMGTQYF	TRBV28*00	TRBJ2-3*00
CASNLPTQYF	TRBV27*00	TRBJ2-3*00
CASNAEKLFF	TRBV6-1*00	TRBJ1-4*00
CASNGKRQFF	TRBV2*00	TRBJ2-1*00
CASKGTEQFF	TRBV6-5*00	TRBJ2-1*00
CASKGEKLFF	TRBV2*00	TRBJ1-4*00
CASKVYEQYF	TRBV2*00	TRBJ2-7*00
CASKEDIQYF	TRBV5-7*00	TRBJ2-4*00
CASKTYEQYF	TRBV2*00	TRBJ2-7*00
CANLTDTQYF	TRBV27*00	TRBJ2-3*00
CANIVDTQYF	TRBV2*00	TRBJ2-3*00
CATGTPPQYF	TRBV27*00	TRBJ2-3*00
CASAGGELFF	TRBV4-2*00	TRBJ2-2*00
CDTELTVQYF	TRBV2*00	TRBJ2-7*00
CASGAGELFF	TRBV10-2*00	TRBJ2-2*00
CATWCEKLFF	TRBV10-1*00	TRBJ1-4*00
CASYRGEAFF	TRBV10-2*00	TRBJ1-1*00
CASGSVKQFF	TRBV10-2*00	TRBJ2-1*00
CASGQQTQYF	TRBV10-2*00	TRBJ2-5*00
CASGSDEQYF	TRBV10-2*00	TRBJ2-7*00
CASSYNEQFF	TRBV4-1*00	TRBJ2-1*00
CASSGYEQYF	TRBV4-1*00	TRBJ2-7*00
CASRGTLLFF	TRBV10-1*00	TRBJ1-4*00
CASRDTEAFF	TRBV10-2*00	TRBJ1-1*00
CASKGNTIYF	TRBV12-3*00	TRBJ1-3*00
CGPRWGGRYF	TRBV20-1*00	TRBJ2-7*00
CTGGGGEAFF	TRBV7-9*00	TRBJ1-1*00
CSVGLGGYTF	TRBV20-1*00	TRBJ1-2*00
CSAFTDTQYF	TRBV20-1*00	TRBJ2-3*00
CSALQGEAFF	TRBV20-1*00	TRBJ1-1*00
CSAHQGGYTF	TRBV20-1*00	TRBJ1-2*00
CSAVYNEQFF	TRBV20-1*00	TRBJ2-1*00
CSAGQPEAFF	TRBV20-1*00	TRBJ1-1*00
CSAGAVEQYF	TRBV20-1*00	TRBJ2-7*00
CSADRDGYTF	TRBV20-1*00	TRBJ1-2*00
CSAERVTQHF	TRBV20-1*00	TRBJ1-5*00
CSAIGTGWFF	TRBV20-1*00	TRBJ1-1*00
CSASSPEQFF	TRBV20-1*00	TRBJ2-1*00
CSARYNEQFF	TRBV20-1*00	TRBJ2-1*00
CSARGGTQYF	TRBV20-1*00	TRBJ2-5*00
CSAREETQYF	TRBV20-1*00	TRBJ2-5*00
CSARSYEQFF	TRBV20-1*00	TRBJ2-1*00
CSALHTEAFF	TRBV20-1*00	TRBJ1-1*00
CSASKREQFF	TRBV20-1*00	TRBJ2-1*00
CSADHNEQFF	TRBV20-1*00	TRBJ2-1*00
CSADTDTQYF	TRBV20-1*00	TRBJ2-3*00
CSAPDPEASF	TRBV20-1*00	TRBJ1-1*00
CSAEFGSCFF	TRBV20-1*00	TRBJ2-2*00
CSANSNEQFF	TRBV20-1*00	TRBJ2-1*00
CSGVTETQYF	TRBV20-1*00	TRBJ2-5*00
CSILGVEAFF	TRBV20-1*00	TRBJ1-1*00
CSPEYNEQFF	TRBV20-1*00	TRBJ2-1*00
CSVLDGEQFF	TRBV29-1*00	TRBJ2-1*00
CSVVVYEQFF	TRBV29-1*00	TRBJ2-1*00
CSVVTYEQYF	TRBV29-1*00	TRBJ2-7*00
CSVVFNEQFF	TRBV29-1*00	TRBJ2-1*00
CSVVRQTQYF	TRBV29-1*00	TRBJ2-5*00
CSVGVNEQFF	TRBV29-1*00	TRBJ2-1*00
CSVGTEGQFF	TRBV29-1*00	TRBJ2-1*00
CSVGRREPIF	TRBV29-1*00	TRBJ2-1*00
CSVGVGELFF	TRBV29-1*00	TRBJ2-2*00
CSVDSGKLFF	TRBV29-1*00	TRBJ1-4*00
CSVDTSPQFF	TRBV29-1*00	TRBJ2-1*00
CSVEGTGLLF	TRBV29-1*00	TRBJ1-1*00
CSVEDYEQYF	TRBV29-1*00	TRBJ2-7*00
CSVEEAGYTF	TRBV29-1*00	TRBJ1-2*00
CSVNTGELFF	TRBV29-1*00	TRBJ2-2*00
CSVHTDTQYF	TRBV29-1*00	TRBJ2-3*00
CSAVYNEQFF	TRBV20-1*00	TRBJ2-1*00
CSAEGVGAFF	TRBV29-1*00	TRBJ1-1*00
CSGRTDTQYF	TRBV29-1*00	TRBJ2-3*00
CSIVQETQYF	TRBV29-1*00	TRBJ2-5*00
CRQGGSPLHF	TRBV20-1*00	TRBJ1-6*00
CRVPTGGYTF	TRBV20-1*00	TRBJ1-2*00
CRPEDQPQHF	TRBV20-1*00	TRBJ1-5*00
CPRGYEQYF	TRBV12-3*00	TRBJ2-7*00
CAWVGKLFF	TRBV28*00	TRBJ1-4*00
CAVSPEQYF	TRBV2*00	TRBJ2-7*00
CAAYNEQFF	TRBV2*00	TRBJ2-1*00
CATERTQYF	TRBV27*00	TRBJ2-5*00
CATSNEQYF	TRBV24-1*00	TRBJ2-7*00
CASGGTQYF	TRBV9*00	TRBJ2-5*00
CASGISGTF	TRBV19*00	TRBJ1-2*00
CASGPWGQF	TRBV19*00	TRBJ2-1*00
CASGNEQFF	TRBV27*00	TRBJ2-1*00
CASGVSEYF	TRBV2*00	TRBJ2-7*00
CASGAEQYF	TRBV2*00	TRBJ2-7*00
CASGTEAFF	TRBV12-3*00	TRBJ1-1*00
CASGREQYF	TRBV2*00	TRBJ2-7*00
CASDSEAFF	TRBV2*00	TRBJ1-1*00
CASTSEQFF	TRBV2*00	TRBJ2-1*00
CASSPPQFF	TRBV27*00	TRBJ2-1*00
CASSGGSPF	TRBV2*00	TRBJ2-7*00
CASSDGYTF	TRBV2*00	TRBJ1-2*00
CASSNQAFF	TRBV2*00	TRBJ1-1*00
CASSWPQYF	TRBV5-8*00	TRBJ2-3*00
CASSLQQFF	TRBV3-1*00	TRBJ2-1*00
CASSLTQYF	TRBV5-8*00	TRBJ2-3*00
CASSPPLHF	TRBV28*00	TRBJ1-6*00
CASSDEAFF	TRBV6-1*00	TRBJ1-1*00
CASSDSMYF	TRBV6-1*00	TRBJ2-3*00
CASRDMEFF	TRBV6-1*00	TRBJ2-1*00
CASRNEQFF	TRBV27*00	TRBJ2-1*00
CASNGDEYF	TRBV21-1*00	TRBJ2-5*00
CARGNEQYF	TRBV21-1*00	TRBJ2-7*00
CARINEQFF	TRBV27*00	TRBJ2-1*00
CANIMEQFF	TRBV6-1*00	TRBJ2-1*00
CASTPEQYF	TRBV10-1*00	TRBJ2-7*00
CASTETQYF	TRBV10-1*00	TRBJ2-5*00
CASSQPEFF	TRBV23-1*00	TRBJ2-1*00
CASNQPQHF	TRBV5-1*00	TRBJ1-5*00
CSVGGQQYF	TRBV20-1*00	TRBJ2-7*00
CSAGSAQHF	TRBV20-1*00	TRBJ1-5*00
CSADGAQYF	TRBV20-1*00	TRBJ2-5*00
CSAGSEQFF	TRBV20-1*00	TRBJ2-1*00
CSLYNEQFF	TRBV20-1*00	TRBJ2-1*00
CSVEGEQFF	TRBV29-1*00	TRBJ2-1*00
CSATDTQYF	TRBV29-1*00	TRBJ2-3*00
CRANTEAFF	TRBV20-1*00	TRBJ1-1*00
CRRDGEQFF	TRBV20-1*00	TRBJ2-1*00
CAVSEALF	TRBV7-9*00	TRBJ1-1*00
CAAGGYAF	TRBV6-6*00	TRBJ1-2*00
CATSPPTF	TRBV24-1*00	TRBJ2-3*00
CASGYWYF	TRBV6-1*00	TRBJ2-3*00
CASDEQYF	TRBV9*00	TRBJ2-7*00
CASSYSYF	TRBV6-5*00	TRBJ2-7*00
CASSLGGF	TRBV13*00	TRBJ2-1*00
CASSPDSF	TRBV5-4*00	TRBJ2-1*00
CASSPGVF	TRBV9*00	TRBJ2-4*00
CASSRQFF	TRBV6-9*00	TRBJ2-1*00
CASNEAFF	TRBV2*00	TRBJ1-1*00
CAVPGPVF	TRBV28*00	TRBJ2-7*00
CSATPHTF	TRBV20-1*00	TRBJ1-2*00
CSAGTADF	TRBV20-1*00	TRBJ2-5*00
CSVGAQYF	TRBV29-1*00	TRBJ2-5*00
CSAGFGFF	TRBV29-1*00	TRBJ1-1*00
CRAHGYTF	TRBV20-1*00	TRBJ1-2*00
CAYEQYF	TRBV12-3*00	TRBJ2-7*00
CATEAFF	TRBV24-1*00	TRBJ1-1*00
CASSSFF	TRBV13*00	TRBJ1-1*00
CASSVLF	TRBV6-1*00	TRBJ1-2*00
CSARDHF	TRBV20-1*00	TRBJ1-6*00
CSVEETF	TRBV29-1*00	TRBJ1-2*00
CRLEAFF	TRBV20-1*00	TRBJ1-1*00
CASSYF	TRBV6-1*00	TRBJ2-7*00
CEQYF	TRBV5-1*00	TRBJ2-7*00
