TRBV_gene	CDR3_beta	TRBJ_gene	epitope	pathology	score	bpr
TRBV07	CASSLSGTGELFF	TRBJ02	CINGVCWTV	HCV	0.83	0.0
TRBV03	CASRTSGEETQYF	TRBJ02	IIKDYGKQM	HIV	0.83	0.0
TRBV11	CASSLAPAAGYTF	TRBJ01	HPKVSSEVHI	HIV	0.64	0.0
TRBV11	CASSTDYEQYF	TRBJ02	ISPRTLNAW	HIV	0.64	0.0
TRBV07	CASSTNEQFF	TRBJ02	ISPRTLNAW	HIV	0.64	0.0
TRBV12	CASSLGLTEAFF	TRBJ01	TPQDLNTML	HIV	0.63	0.0
TRBV12	CASSQGGDTEAFF	TRBJ01	CINGVCWTV	HCV	0.74	1e-05
TRBV04	CASSQEVLAGTYEQYF	TRBJ02	CINGVCWTV	HCV	0.73	1e-05
TRBV04	CASSQGGGTEAFF	TRBJ01	CINGVCWTV	HCV	0.73	1e-05
TRBV07	CASSIGGGIQETQYF	TRBJ02	GTSGSPIIDK	DENV2	0.72	1e-05
TRBV20-01	CSARLGEGFYEQYF	TRBJ02	KRWIIMGLNK	HIV	0.68	1e-05
TRBV07	CASSSGGGGPTDTQYF	TRBJ02	QYDPVAALF	CMV	0.65	1e-05
TRBV12	CASSLDTDTQYF	TRBJ02	QYDPVAALF	CMV	0.65	1e-05
TRBV12	CASSFGFGEAFF	TRBJ01	TPQDLNTML	HIV	0.59	1e-05
TRBV29-01	CSVVRDSDYGYTF	TRBJ01	QIKVRVKMV	CMV	0.56	1e-05
TRBV07	CASSSRDSQETQYF	TRBJ02	RYPLTFGWCF	HIV	0.56	1e-05
TRBV29-01	CSGVSGGWYNEQFF	TRBJ02	QIKVRVKMV	CMV	0.55	1e-05
TRBV06	CASSTDRSYEQYF	TRBJ02	RYPLTFGWCF	HIV	0.55	1e-05
TRBV05	CASSYDREYEQYF	TRBJ02	RYPLTFGWCF	HIV	0.51	1e-05
TRBV07	CASSPSAGTGTYEQYF	TRBJ02	RYPLTFGWCF	HIV	0.51	1e-05
TRBV07	CASSLGAYEQYF	TRBJ02	AMFWSVPTV	Melanoma	0.81	2e-05
TRBV05	CASSLAGGYEQYF	TRBJ02	AMFWSVPTV	Melanoma	0.81	2e-05
TRBV07	CASSLAGYEQYF	TRBJ02	AMFWSVPTV	Melanoma	0.81	2e-05
TRBV07	CASSLGGYEQYF	TRBJ02	AMFWSVPTV	Melanoma	0.81	2e-05
TRBV03	CASSPSGRVNEQFF	TRBJ02	TPGPGVRYPL	HIV	0.8	2e-05
TRBV07	CASSSSYEQYF	TRBJ02	NLVPMVATV	CMV	0.77	2e-05
TRBV07	CASSLYPGGAETQYF	TRBJ02	FPRPWLHGL	HIV	0.66	2e-05
TRBV05	CASSLDSTDTQYF	TRBJ02	QYDPVAALF	CMV	0.63	2e-05
TRBV07	CASSINNEQFF	TRBJ02	ISPRTLNAW	HIV	0.63	2e-05
TRBV07	CASSLNNEQFF	TRBJ02	ISPRTLNAW	HIV	0.63	2e-05
TRBV07	CASSLDSTDTQYF	TRBJ02	QYDPVAALF	CMV	0.61	2e-05
TRBV07	CASSLGPRYEQYF	TRBJ02	HPKVSSEVHI	HIV	0.61	2e-05
TRBV20-01	CSARGDYEQYF	TRBJ02	EIYKRWII	HIV	0.73	3e-05
TRBV05	CASSLPGGARTEAFF	TRBJ01	EIYKRWII	HIV	0.73	3e-05
TRBV03	CASSQGTGPNEKLFF	TRBJ01	IPSINVHHY	CMV	0.71	3e-05
TRBV04	CASSQDWGEGAPYEQYF	TRBJ02	CINGVCWTV	HCV	0.71	3e-05
TRBV04	CASSQEPGGIPYEQYF	TRBJ02	CINGVCWTV	HCV	0.71	3e-05
TRBV06	CASSTTGYEAFF	TRBJ01	IPSINVHHY	CMV	0.69	3e-05
TRBV05	CASSLWGTDTQYF	TRBJ02	RPRGEVRFL	HSV2	0.67	3e-05
TRBV07	CASSLGYGTEAFF	TRBJ01	VTEHDTLLY	CMV	0.66	3e-05
TRBV07	CASSLWGTDTQYF	TRBJ02	RPRGEVRFL	HSV2	0.66	3e-05
TRBV04	CASSLGTGSYEQYF	TRBJ02	KRWIIMGLNK	HIV	0.61	3e-05
TRBV20-01	CSASVSSYNEQFF	TRBJ02	YVLDHLIVV	EBV	0.59	3e-05
TRBV03	CASRTSGEETQYF	TRBJ02	HPKVSSEVHI	HIV	0.58	3e-05
TRBV07	CASRAVGIANTGELFF	TRBJ02	QVPLRPMTYK	HIV	0.52	3e-05
TRBV06	CASSNYRGSGNTIYF	TRBJ01	QVPLRPMTYK	HIV	0.51	3e-05
TRBV06	CASSYSPDEGLYEQYF	TRBJ02	RYPLTFGWCF	HIV	0.49	3e-05
TRBV07	CASSPDRGETQYF	TRBJ02	SFHSLHLLF	HTLV1	0.78	4e-05
TRBV07	CASSPDRGKTQYF	TRBJ02	SFHSLHLLF	HTLV1	0.78	4e-05
TRBV04	CASSQEGRVETQYF	TRBJ02	TPGPGVRYPL	HIV	0.77	4e-05
TRBV11	CASSLERYEQYF	TRBJ02	NLVPMVATV	CMV	0.74	4e-05
TRBV07	CASSLEIAGGNEQFF	TRBJ02	CINGVCWTV	HCV	0.7	4e-05
TRBV06	CASSSTGSEAFF	TRBJ01	IPSINVHHY	CMV	0.68	4e-05
TRBV07	CASSLSGTDTQYF	TRBJ02	GTSGSPIIDK	DENV2	0.67	4e-05
TRBV06	CASSETLGTGAFGSNQPQHF	TRBJ01	FLKEKGGL	HIV	0.63	4e-05
TRBV07	CASSSGGELFF	TRBJ02	KLVALGINAV	HCV	0.81	5e-05
TRBV05	CASSLGRGYEQYF	TRBJ02	GLCTLVAML	EBV	0.78	5e-05
TRBV10	CASSGNTGELFF	TRBJ02	KRWIILGLNK	HIV	0.77	5e-05
TRBV07	CASSLAGGEQYF	TRBJ02	AMFWSVPTV	Melanoma	0.77	5e-05
TRBV07	CASSLGGYEQYF	TRBJ02	GLCTLVAML	EBV	0.76	5e-05
TRBV03	CASSPSGRYNEQFF	TRBJ02	TPGPGVRYPL	HIV	0.76	5e-05
TRBV04	CASSQEGRYNEQFF	TRBJ02	TPGPGVRYPL	HIV	0.76	5e-05
TRBV05	CASSLGLGQPQHF	TRBJ01	LLLGIGILV	Multiple Myeloma	0.75	5e-05
TRBV07	CASSLGWGDTEAFF	TRBJ01	RLRPGGKKK	HIV	0.73	5e-05
TRBV11	CASSFTDTQYF	TRBJ02	NLVPMVATV	CMV	0.72	5e-05
TRBV05	CASSLGPEAFF	TRBJ01	NLVPMVATV	CMV	0.72	5e-05
TRBV24-01	CATSAGNTGELFF	TRBJ02	NLVPMVATV	CMV	0.71	5e-05
TRBV05	CASSLGTYEQYF	TRBJ02	NLVPMVATV	CMV	0.7	5e-05
TRBV06	CASSVLAGLTDTQYF	TRBJ02	FLKEKGGL	HIV	0.61	5e-05
TRBV20-01	CSASHPSYNEQFF	TRBJ02	YVLDHLIVV	EBV	0.57	5e-05
TRBV12	CASSLGTFEAFF	TRBJ01	TPQDLNTML	HIV	0.54	5e-05
TRBV07	CASSLSGGYTF	TRBJ01	KAFSPEVIPMF	HIV	0.94	6e-05
TRBV20-01	CSAGTGGLGQPQHF	TRBJ01	EAAGIGILTV	Melanoma	0.86	6e-05
TRBV07	CASSWDRNEQFF	TRBJ02	KRWIILGLNK	HIV	0.76	6e-05
TRBV20-01	CSAGTGGLGQPQHF	TRBJ01	LLLGIGILV	Multiple Myeloma	0.74	6e-05
TRBV29-01	CSVATGTYEQYF	TRBJ02	YSEHPTFTSQY	CMV	0.73	6e-05
TRBV29-01	CSVEGSSYEQYF	TRBJ02	YSEHPTFTSQY	CMV	0.73	6e-05
TRBV29-01	CSVEGGGYEQYF	TRBJ02	YSEHPTFTSQY	CMV	0.72	6e-05
TRBV29-01	CSVTGGLTYEQYF	TRBJ02	YSEHPTFTSQY	CMV	0.72	6e-05
TRBV07	CASSLGWGAYEQYF	TRBJ02	RLRPGGKKK	HIV	0.71	6e-05
TRBV07	CASIPDRPYEQYF	TRBJ02	SFHSLHLLF	HTLV1	0.71	6e-05
TRBV29-01	CSVGTGEAQPQHF	TRBJ01	RAKFKQLL	EBV	0.69	6e-05
TRBV04	CASSPGWGDNEQFF	TRBJ02	RLRPGGKKK	HIV	0.69	6e-05
TRBV07	CASSLFSGETDTQYF	TRBJ02	FPRPWLHGL	HIV	0.61	6e-05
TRBV07	CASSLFTGALSEQYF	TRBJ02	FPRPWLHGL	HIV	0.59	6e-05
TRBV07	CASSLYAGELNEQYF	TRBJ02	FPRPWLHGL	HIV	0.59	6e-05
TRBV07	CASSLYGGQGETQYF	TRBJ02	FPRPWLHGL	HIV	0.59	6e-05
TRBV07	CASSLWTSGSHEQYF	TRBJ02	FPRPWLHGL	HIV	0.58	6e-05
TRBV20-01	CSAPTPNYNEQFF	TRBJ02	YVLDHLIVV	EBV	0.55	6e-05
TRBV20-01	CSASPTAYNEQFF	TRBJ02	YVLDHLIVV	EBV	0.55	6e-05
TRBV29-01	CSVGREDYGYTF	TRBJ01	QIKVRVKMV	CMV	0.52	6e-05
TRBV29-01	CSVRDRGNYGYTF	TRBJ01	QIKVRVKMV	CMV	0.52	6e-05
TRBV11	CASSGTGVGQPQHF	TRBJ01	LLLGIGILV	Multiple Myeloma	0.73	7e-05
TRBV04	CASSQVGGNEQFF	TRBJ02	GLCTLVAML	EBV	0.71	7e-05
TRBV04	CASSQAGGNEQFF	TRBJ02	GLCTLVAML	EBV	0.71	7e-05
TRBV07	CASSLDQNEQFF	TRBJ02	KRWIILGLNK	HIV	0.71	7e-05
TRBV07	CASSLDRYEQYF	TRBJ02	KRWIILGLNK	HIV	0.71	7e-05
TRBV07	CASSLVGTEAFF	TRBJ01	GLCTLVAML	EBV	0.7	7e-05
TRBV29-01	CSVGQGDIYEQYF	TRBJ02	RAKFKQLL	EBV	0.68	7e-05
TRBV29-01	CSVGGGTEAFF	TRBJ01	RAKFKQLL	EBV	0.68	7e-05
TRBV29-01	CSVEGDRDYGYTF	TRBJ01	IIKDYGKQM	HIV	0.63	7e-05
TRBV07	CASSSSGATQYF	TRBJ02	QYDPVAALF	CMV	0.59	7e-05
TRBV07	CASSLLAGVVDTQYF	TRBJ02	FLKEKGGL	HIV	0.58	7e-05
TRBV07	CASSLGQGYEQYF	TRBJ02	GLCTLVAML	EBV	0.69	8e-05
TRBV07	CASSLGTGYEQYF	TRBJ02	GLCTLVAML	EBV	0.69	8e-05
TRBV07	CASSLLGYEQYF	TRBJ02	NLVPMVATV	CMV	0.68	8e-05
TRBV20-01	CSARQGDTEAFF	TRBJ01	NLVPMVATV	CMV	0.68	8e-05
TRBV20-01	CSARDPTSYEQYF	TRBJ02	NLVPMVATV	CMV	0.68	8e-05
TRBV07	CASITDRGNEQYF	TRBJ02	SFHSLHLLF	HTLV1	0.66	8e-05
TRBV04	CASSQDPGTFPYEQYF	TRBJ02	CINGVCWTV	HCV	0.65	8e-05
TRBV04	CASSQEGAGPSYEQYF	TRBJ02	CINGVCWTV	HCV	0.65	8e-05
TRBV04	CASSQESGEKLFF	TRBJ01	CINGVCWTV	HCV	0.65	8e-05
TRBV11	CASSLSGTDTQYF	TRBJ02	GTSGSPIIDK	DENV2	0.61	8e-05
TRBV05	CASSSNYEQYF	TRBJ02	ISPRTLNAW	HIV	0.61	8e-05
TRBV03	CASSQGGGTQETQYF	TRBJ02	GTSGSPIIDK	DENV2	0.59	8e-05
TRBV07	CASSFDTDTQYF	TRBJ02	QYDPVAALF	CMV	0.57	8e-05
TRBV05	CASSLGGGPSTDTQYF	TRBJ02	QYDPVAALF	CMV	0.57	8e-05
TRBV07	CASSGTGGPETQYF	TRBJ02	QYDPVAALF	CMV	0.57	8e-05
TRBV20-01	CSAPQTSYNEQFF	TRBJ02	YVLDHLIVV	EBV	0.54	8e-05
TRBV20-01	CSANDRTYNEQFF	TRBJ02	YVLDHLIVV	EBV	0.53	8e-05
TRBV07	CASSSTGELFF	TRBJ02	KLVALGINAV	HCV	0.78	9e-05
TRBV10	CASSLAGAYEQYF	TRBJ02	AMFWSVPTV	Melanoma	0.76	9e-05
TRBV05	CASSLAGYEQYF	TRBJ02	AMFWSVPTV	Melanoma	0.76	9e-05
TRBV11	CASSLGGYEQYF	TRBJ02	AMFWSVPTV	Melanoma	0.76	9e-05
TRBV12	CASSPTGLGSPLHF	TRBJ01	EAAGIGILTV	Melanoma	0.76	9e-05
TRBV11	CASSLGVGQPQHF	TRBJ01	LLLGIGILV	Multiple Myeloma	0.72	9e-05
TRBV05	CASSSETGELFF	TRBJ02	HPVGEADYFEY	EBV	0.71	9e-05
TRBV04	CASSQGDLNTGELFF	TRBJ02	LLLGIGILV	Multiple Myeloma	0.71	9e-05
TRBV07	CASSSDRGEQFF	TRBJ02	KRWIILGLNK	HIV	0.68	9e-05
TRBV04	CASSQERGNEQFF	TRBJ02	GLCTLVAML	EBV	0.67	9e-05
TRBV05	CASSRGWGDNEQFF	TRBJ02	RLRPGGKKK	HIV	0.67	9e-05
TRBV05	CASSTGTDTEAFF	TRBJ01	CINGVCWTV	HCV	0.64	9e-05
TRBV04	CASSQEPTSGYTGELFF	TRBJ02	CINGVCWTV	HCV	0.64	9e-05
TRBV04	CASSQEGWGGTTYEQYF	TRBJ02	CINGVCWTV	HCV	0.64	9e-05
TRBV04	CASSQVPQGETYEQYF	TRBJ02	CINGVCWTV	HCV	0.64	9e-05
TRBV05	CASSLGGSTEAFF	TRBJ01	CINGVCWTV	HCV	0.64	9e-05
TRBV29-01	CSVLTGAGYEQYF	TRBJ02	VTEHDTLLY	CMV	0.63	9e-05
TRBV07	CASSAPAGGYYNEQFF	TRBJ02	IVTDFSVIK	EBV	0.6	9e-05
TRBV06	CASRGQGTYEQYF	TRBJ02	IIKDYGKQM	HIV	0.6	9e-05
TRBV05	CASSLDGTDTQYF	TRBJ02	QYDPVAALF	CMV	0.56	9e-05
TRBV05	CASSRTPGQGFSPYNEQFF	TRBJ02	FLKEKGGL	HIV	0.56	9e-05
TRBV05	CASSLGGYEQYF	TRBJ02	AMFWSVPTV	Melanoma	0.75	0.0001
TRBV04	CASSLSGGYEQYF	TRBJ02	AMFWSVPTV	Melanoma	0.74	0.0001
TRBV07	CASSSHTGELFF	TRBJ02	HPVGEADYFEY	EBV	0.69	0.0001
TRBV07	CASSSETGELFF	TRBJ02	HPVGEADYFEY	EBV	0.69	0.0001
TRBV05	CASSFGQGLYEQYF	TRBJ02	ARMILMTHF	HCV	0.64	0.0001
TRBV05	CASSFDGGTLEQYF	TRBJ02	ARMILMTHF	HCV	0.64	0.0001
TRBV07	CASSLGTGGSYEQYF	TRBJ02	VTEHDTLLY	CMV	0.62	0.0001
TRBV04	CASSLGTSTYEQYF	TRBJ02	KRWIIMGLNK	HIV	0.59	0.0001
TRBV06	CASSGSGTDTQYF	TRBJ02	GTSGSPIIDK	DENV2	0.58	0.0001
TRBV05	CASRVDGTYEQYF	TRBJ02	IIKDYGKQM	HIV	0.58	0.0001
TRBV07	CASSLTSGRGDTQYF	TRBJ02	QYDPVAALF	CMV	0.55	0.0001
TRBV07	CASSSTTGAGELFF	TRBJ02	QYDPVAALF	CMV	0.55	0.0001
TRBV05	CASSLGGGDPSTDTQYF	TRBJ02	QYDPVAALF	CMV	0.54	0.0001
TRBV07	CASSSSSGPDTQYF	TRBJ02	QYDPVAALF	CMV	0.54	0.0001
TRBV07	CASSLGDTEAFF	TRBJ01	NLVPMVATV	CMV	0.85	0.0
TRBV06	CASSYTGSEAFF	TRBJ01	IPSINVHHY	CMV	0.81	0.0
TRBV24-01	CATSDSYEQYF	TRBJ02	IIKDYGKQM	HIV	0.73	0.0
TRBV05	CASSLNYEQYF	TRBJ02	ISPRTLNAW	HIV	0.66	0.0
TRBV12	CASSLGLSEAFF	TRBJ01	TPQDLNTML	HIV	0.62	0.0
TRBV05	CASSLGGEYYEQFF	TRBJ02	QIKVRVKMV	CMV	0.6	0.0
TRBV29-01	CSVDLRSNYGYTF	TRBJ01	QIKVRVKMV	CMV	0.59	0.0
TRBV29-01	CSARDGYEQYF	TRBJ02	EIYKRWII	HIV	0.85	1e-05
TRBV29-01	CSVGVGDYEQYF	TRBJ02	RAKFKQLL	EBV	0.83	1e-05
TRBV29-01	CSVEGLESYEQYF	TRBJ02	YSEHPTFTSQY	CMV	0.77	1e-05
TRBV07	CASSLASNEQFF	TRBJ02	ARMILMTHF	HCV	0.77	1e-05
TRBV29-01	CSVEPYLSTEAFF	TRBJ01	YSEHPTFTSQY	CMV	0.76	1e-05
TRBV07	CASSLGGGIQETQYF	TRBJ02	GTSGSPIIDK	DENV2	0.76	1e-05
TRBV03	CASSQGTGTGGVYSNQPQHF	TRBJ01	FLKEKGGL	HIV	0.74	1e-05
TRBV20-01	CSASTGGTTEAFF	TRBJ01	CINGVCWTV	HCV	0.73	1e-05
TRBV07	CASSLGAGGPTDTQYF	TRBJ02	QYDPVAALF	CMV	0.68	1e-05
TRBV12	CASSLGFTEAFF	TRBJ01	TPQDLNTML	HIV	0.61	1e-05
TRBV12	CASSLGVTEAFF	TRBJ01	TPQDLNTML	HIV	0.59	1e-05
TRBV12	CASSFGVTEAFF	TRBJ01	TPQDLNTML	HIV	0.58	1e-05
TRBV12	CASSLGGEYNEQFF	TRBJ02	QIKVRVKMV	CMV	0.56	1e-05
TRBV12	CASSLGGTEAFF	TRBJ01	TPQDLNTML	HIV	0.56	1e-05
TRBV06	CASSTDRSYEQYF	TRBJ02	RYPLTFGWCF	HIV	0.55	1e-05
TRBV06	CASSYGGLGQPQHF	TRBJ01	EAAGIGILTV	Melanoma	0.94	2e-05
TRBV25-01	CASNGNTEAFF	TRBJ01	KLVALGINAV	HCV	0.83	2e-05
TRBV06	CASSYGGLGQPQHF	TRBJ01	LLLGIGILV	Multiple Myeloma	0.82	2e-05
TRBV07	CASSLGAYEQYF	TRBJ02	AMFWSVPTV	Melanoma	0.81	2e-05
TRBV07	CASSLSGGYEQYF	TRBJ02	AMFWSVPTV	Melanoma	0.79	2e-05
TRBV29-01	CSVYTGSSYEQYF	TRBJ02	YSEHPTFTSQY	CMV	0.74	2e-05
TRBV29-01	CSVEGTPYEQYF	TRBJ02	YSEHPTFTSQY	CMV	0.74	2e-05
TRBV04	CASSQGRDTEAFF	TRBJ01	CINGVCWTV	HCV	0.72	2e-05
TRBV12	CASRQTGIGEKLFF	TRBJ01	RPRGEVRFL	HSV2	0.68	2e-05
TRBV07	CASSLYGGGVNEQFF	TRBJ02	FPRPWLHGL	HIV	0.66	2e-05
TRBV05	CASSGYEQYF	TRBJ02	ISPRTLNAW	HIV	0.63	2e-05
TRBV10	CASSGYEQYF	TRBJ02	ISPRTLNAW	HIV	0.63	2e-05
TRBV07	CASSLGAGGSTDTQYF	TRBJ02	QYDPVAALF	CMV	0.62	2e-05
TRBV07	CASSATGGGTEAFF	TRBJ01	QYDPVAALF	CMV	0.61	2e-05
TRBV07	CASRGTDSTDTQYF	TRBJ02	QYDPVAALF	CMV	0.61	2e-05
TRBV12	CASSQTGLGQPQHF	TRBJ01	EAAGIGILTV	Melanoma	0.93	3e-05
TRBV25-01	CASSETGELFF	TRBJ02	KLVALGINAV	HCV	0.82	3e-05
TRBV05	CASSLSSERTEAFF	TRBJ01	EIYKRWII	HIV	0.77	3e-05
TRBV07	CASSPAYEQYF	TRBJ02	NLVPMVATV	CMV	0.76	3e-05
TRBV07	CASSLLTGGRETQYF	TRBJ02	EIYKRWII	HIV	0.75	3e-05
TRBV04	CASSQVQGTDTQYF	TRBJ02	VTEHDTLLY	CMV	0.66	3e-05
TRBV12	CASRRTGREETQYF	TRBJ02	RPRGEVRFL	HSV2	0.66	3e-05
TRBV12	CASSPYRGRNTEAFF	TRBJ01	QVPLRPMTYK	HIV	0.52	3e-05
TRBV07	CASSLGGGIQETQYF	TRBJ02	GTSGSPIINR	DENV3/4	0.85	4e-05
TRBV07	CASSLDRNEQYF	TRBJ02	KRWIILGLNK	HIV	0.82	4e-05
TRBV07	CASSPDREDTQYF	TRBJ02	SFHSLHLLF	HTLV1	0.78	4e-05
TRBV04	CASSQVETGAPYEQYF	TRBJ02	CINGVCWTV	HCV	0.69	4e-05
TRBV04	CASSQGGTGGPYEQYF	TRBJ02	CINGVCWTV	HCV	0.68	4e-05
TRBV12	CASSLSTTEAFF	TRBJ01	TPQDLNTML	HIV	0.55	4e-05
TRBV25-01	CASSAGGGYTF	TRBJ01	KLVALGINAV	HCV	0.81	5e-05
TRBV07	CASSWGGELFF	TRBJ02	KLVALGINAV	HCV	0.8	5e-05
TRBV07	CASSSDRNEQFF	TRBJ02	KRWIILGLNK	HIV	0.77	5e-05
TRBV07	CASSVDRNEQFF	TRBJ02	KRWIILGLNK	HIV	0.77	5e-05
TRBV05	CASSLGAYEQYF	TRBJ02	AMFWSVPTV	Melanoma	0.77	5e-05
TRBV05	CASSLGLGQPQHF	TRBJ01	LLLGIGILV	Multiple Myeloma	0.75	5e-05
TRBV04	CASSQGTLNTGELFF	TRBJ02	LLLGIGILV	Multiple Myeloma	0.75	5e-05
TRBV20-01	CSAQTGLGQPQHF	TRBJ01	LLLGIGILV	Multiple Myeloma	0.75	5e-05
TRBV04	CASSQEGRGETQYF	TRBJ02	TPGPGVRYPL	HIV	0.72	5e-05
TRBV05	CASSPTGRQETQYF	TRBJ02	TPGPGVRYPL	HIV	0.72	5e-05
TRBV29-01	CSVEVNTEAFF	TRBJ01	NLVPMVATV	CMV	0.71	5e-05
TRBV29-01	CSVDRENTGELFF	TRBJ02	NLVPMVATV	CMV	0.71	5e-05
TRBV05	CASSLGAYEQYF	TRBJ02	NLVPMVATV	CMV	0.7	5e-05
TRBV10	CASSGGSTDTQYF	TRBJ02	GTSGSPIIDK	DENV2	0.64	5e-05
TRBV06	CASETSGEYEQYF	TRBJ02	IIKDYGKQM	HIV	0.64	5e-05
TRBV07	CASSLFSGRAPEQYF	TRBJ02	FPRPWLHGL	HIV	0.62	5e-05
TRBV05	CASSLNYEQFF	TRBJ02	ISPRTLNAW	HIV	0.62	5e-05
TRBV07	CASRGGPVEAFF	TRBJ01	HPKVSSEVHI	HIV	0.56	5e-05
TRBV25-01	CASSGDRGYEQYF	TRBJ02	RYPLTFGWCF	HIV	0.48	5e-05
TRBV12	CASSLEGLGQPQHF	TRBJ01	EAAGIGILTV	Melanoma	0.83	6e-05
TRBV06	CASNPGGLGQPQHF	TRBJ01	EAAGIGILTV	Melanoma	0.83	6e-05
TRBV25-01	CASSEGEQYF	TRBJ02	KLVALGINAV	HCV	0.79	6e-05
TRBV25-01	CASSSGEGQYF	TRBJ02	KLVALGINAV	HCV	0.79	6e-05
TRBV05	CASSFSRNSDEQFF	TRBJ02	GLCTLVAML	EBV	0.74	6e-05
TRBV07	CASSLGNTEAFF	TRBJ01	GLCTLVAML	EBV	0.74	6e-05
TRBV29-01	CSVESGTYEQYF	TRBJ02	YSEHPTFTSQY	CMV	0.73	6e-05
TRBV29-01	CSVPDGNTEAFF	TRBJ01	YSEHPTFTSQY	CMV	0.73	6e-05
TRBV29-01	CSVPWGNTEAFF	TRBJ01	YSEHPTFTSQY	CMV	0.73	6e-05
TRBV11	CASSPRGGYNEQFF	TRBJ02	TPGPGVRYPL	HIV	0.71	6e-05
TRBV07	CASSLGDTEAFF	TRBJ01	ELAGIGILTV	Melanoma	0.71	6e-05
TRBV12	CASSLDRNTGELFF	TRBJ02	RLRPGGKKK	HIV	0.7	6e-05
TRBV04	CASSQEPGTEAFF	TRBJ01	CINGVCWTV	HCV	0.67	6e-05
TRBV07	CASSQEGSTEAFF	TRBJ01	CINGVCWTV	HCV	0.67	6e-05
TRBV04	CASSQEYLAGTYEQYF	TRBJ02	CINGVCWTV	HCV	0.67	6e-05
TRBV11	CASSGWTEPNEKLFF	TRBJ01	IPSINVHHY	CMV	0.66	6e-05
TRBV04	CASSQVPSTGETYEQYF	TRBJ02	CINGVCWTV	HCV	0.66	6e-05
TRBV04	CASSQEYEGLTTYEQYF	TRBJ02	CINGVCWTV	HCV	0.66	6e-05
TRBV07	CASSLGGDTEAFF	TRBJ01	CINGVCWTV	HCV	0.66	6e-05
TRBV04	CASSQELAGGSYEQYF	TRBJ02	CINGVCWTV	HCV	0.66	6e-05
TRBV12	CASRPQGGGEKLFF	TRBJ01	RPRGEVRFL	HSV2	0.64	6e-05
TRBV07	CASSLYPGLQETQYF	TRBJ02	FPRPWLHGL	HIV	0.61	6e-05
TRBV07	CASSLDQDTQYF	TRBJ02	QYDPVAALF	CMV	0.6	6e-05
TRBV07	CASSLGAGPSTDTQYF	TRBJ02	QYDPVAALF	CMV	0.6	6e-05
TRBV07	CASSLLAGILDTQYF	TRBJ02	FLKEKGGL	HIV	0.59	6e-05
TRBV29-01	CSVDREDYGYTF	TRBJ01	QIKVRVKMV	CMV	0.52	6e-05
TRBV12	CASSPDRSYEQYF	TRBJ02	RYPLTFGWCF	HIV	0.47	6e-05
TRBV12	CASSLEGLGQPQHF	TRBJ01	LLLGIGILV	Multiple Myeloma	0.73	7e-05
TRBV12	CASSQTGLGQPQHF	TRBJ01	LLLGIGILV	Multiple Myeloma	0.73	7e-05
TRBV07	CASSLGQGEAFF	TRBJ01	GLCTLVAML	EBV	0.71	7e-05
TRBV07	CASSLDRYEQYF	TRBJ02	KRWIILGLNK	HIV	0.71	7e-05
TRBV10	CASSRQTGELFF	TRBJ02	KRWIILGLNK	HIV	0.71	7e-05
TRBV29-01	CSVEGTVYNEQFF	TRBJ02	GLCTLVAML	EBV	0.7	7e-05
TRBV29-01	CSVEGTYNEQFF	TRBJ02	GLCTLVAML	EBV	0.7	7e-05
TRBV05	CASSLNYEQYF	TRBJ02	NLVPMVATV	CMV	0.69	7e-05
TRBV05	CASSFYRGGYEQYF	TRBJ02	ARMILMTHF	HCV	0.67	7e-05
TRBV06	CASSSTGTGGTEAFF	TRBJ01	QYDPVAALF	CMV	0.59	7e-05
TRBV07	CASSLLGYEQYF	TRBJ02	NLVPMVATV	CMV	0.68	8e-05
TRBV11	CASSLGETQYF	TRBJ02	NLVPMVATV	CMV	0.68	8e-05
TRBV07	CASSLGEGYEQYF	TRBJ02	GLCTLVAML	EBV	0.68	8e-05
TRBV07	CASIPPRASEQFF	TRBJ02	SFHSLHLLF	HTLV1	0.67	8e-05
TRBV04	CASSPDRADTQYF	TRBJ02	SFHSLHLLF	HTLV1	0.66	8e-05
TRBV07	CASSSRDRGHYEQYF	TRBJ02	TPRVTGGGAM	CMV	0.65	8e-05
TRBV04	CASSQDPGTFPYEQYF	TRBJ02	CINGVCWTV	HCV	0.65	8e-05
TRBV25-01	CASSPWEGPNEKLFF	TRBJ01	IPSINVHHY	CMV	0.64	8e-05
TRBV07	CASRPVGTNEKLFF	TRBJ01	RPRGEVRFL	HSV2	0.62	8e-05
TRBV04	CASSQGTGTGELFF	TRBJ02	GTSGSPIIDK	DENV2	0.6	8e-05
TRBV07	CASSLGGGPQETQYF	TRBJ02	GTSGSPIIDK	DENV2	0.59	8e-05
TRBV07	CASSFSLGPETQYF	TRBJ02	QYDPVAALF	CMV	0.57	8e-05
TRBV03	CASSQHPGTSGSLVNEQFF	TRBJ02	FLKEKGGL	HIV	0.57	8e-05
TRBV20-01	CSAHEDSYNEQFF	TRBJ02	YVLDHLIVV	EBV	0.54	8e-05
TRBV20-01	CSATQREFSYEQYF	TRBJ02	HPKVSSEVHI	HIV	0.54	8e-05
TRBV06	CASRQNTEAFF	TRBJ01	YVLDHLIVV	EBV	0.53	8e-05
TRBV05	CASSLELSSGANVLTF	TRBJ02	YVLDHLIVV	EBV	0.53	8e-05
TRBV12	CASRPLAGGGNEQFF	TRBJ02	YVLDHLIVV	EBV	0.53	8e-05
TRBV12	CASSLGPFEAFF	TRBJ01	TPQDLNTML	HIV	0.53	8e-05
TRBV12	CASSFGNTEAFF	TRBJ01	TPQDLNTML	HIV	0.53	8e-05
TRBV20-01	CSAVNTGTLGQPQHF	TRBJ01	EAAGIGILTV	Melanoma	0.77	9e-05
TRBV06	CASSTGGLGSPLHF	TRBJ01	EAAGIGILTV	Melanoma	0.77	9e-05
TRBV05	CASSLAGYEQYF	TRBJ02	AMFWSVPTV	Melanoma	0.76	9e-05
TRBV07	CASSLTTGELFF	TRBJ02	HPVGEADYFEY	EBV	0.72	9e-05
TRBV05	CASSLTDSRTEAFF	TRBJ01	EIYKRWII	HIV	0.71	9e-05
TRBV12	CASSSGMGQPQHF	TRBJ01	LLLGIGILV	Multiple Myeloma	0.71	9e-05
TRBV07	CASSLGWGVREQYF	TRBJ02	RLRPGGKKK	HIV	0.67	9e-05
TRBV04	CASSQDRGNEQFF	TRBJ02	GLCTLVAML	EBV	0.66	9e-05
TRBV20-01	CSARTSGTYEQYF	TRBJ02	GLCTLVAML	EBV	0.66	9e-05
TRBV07	CASSFGGSVYEQYF	TRBJ02	ARMILMTHF	HCV	0.65	9e-05
TRBV05	CASSLGGSTEAFF	TRBJ01	CINGVCWTV	HCV	0.64	9e-05
TRBV04	CASSQDGSGLSYEQYF	TRBJ02	CINGVCWTV	HCV	0.64	9e-05
TRBV07	CASRGIGEETQYF	TRBJ02	IIKDYGKQM	HIV	0.6	9e-05
TRBV12	CASSSNGVGTEAFF	TRBJ01	QYDPVAALF	CMV	0.56	9e-05
TRBV07	CASSSGTGGAGDGYTF	TRBJ01	QYDPVAALF	CMV	0.56	9e-05
TRBV07	CASTSSGSGGDTQYF	TRBJ02	QYDPVAALF	CMV	0.56	9e-05
TRBV12	CASSFQRGTGNTIYF	TRBJ01	QVPLRPMTYK	HIV	0.49	9e-05
TRBV20-01	CSARASGNPNTGELFF	TRBJ02	QVPLRPMTYK	HIV	0.49	9e-05
TRBV07	CASSPGTINTGELFF	TRBJ02	ATDALMTGY	HCV	0.78	0.0001
TRBV07	CASSLPGQLYEQYF	TRBJ02	ATDALMTGY	HCV	0.77	0.0001
TRBV05	CASSLGGYEQYF	TRBJ02	AMFWSVPTV	Melanoma	0.75	0.0001
TRBV05	CASSMDGGLGQPQHF	TRBJ01	EAAGIGILTV	Melanoma	0.75	0.0001
TRBV06	CASRLTGLGQPQHF	TRBJ01	EAAGIGILTV	Melanoma	0.75	0.0001
TRBV12	CASSLGAYEQYF	TRBJ02	AMFWSVPTV	Melanoma	0.74	0.0001
TRBV05	CASSLGAGGEQFF	TRBJ02	LLLGIGILV	Multiple Myeloma	0.69	0.0001
TRBV05	CASSSGAGQPQHF	TRBJ01	LLLGIGILV	Multiple Myeloma	0.69	0.0001
TRBV05	CASSFDEQGTYEQYF	TRBJ02	ARMILMTHF	HCV	0.64	0.0001
TRBV04	CASSQGGTDTQYF	TRBJ02	VTEHDTLLY	CMV	0.62	0.0001
TRBV07	CASSLGTGGSYEQYF	TRBJ02	VTEHDTLLY	CMV	0.62	0.0001
TRBV05	CASSLDSSDTQYF	TRBJ02	QYDPVAALF	CMV	0.54	0.0001
TRBV07	CASRGDSIPDTQYF	TRBJ02	QYDPVAALF	CMV	0.54	0.0001
TRBV20-01	CSARLDYEQYF	TRBJ02	EIYKRWII	HIV	0.93	0.0
TRBV04	CASSLGDTEAFF	TRBJ01	NLVPMVATV	CMV	0.82	0.0
TRBV05	CASSSGTSGYEQYF	TRBJ02	QIKVRVKMV	CMV	0.82	0.0
TRBV29-01	CSVEGGSYEQYF	TRBJ02	YSEHPTFTSQY	CMV	0.8	0.0
TRBV05	CASTSPPGQGYPYSNQPQHF	TRBJ01	FLKEKGGL	HIV	0.8	0.0
TRBV05	CASSLGWGIDEQFF	TRBJ02	RLRPGGKKK	HIV	0.78	0.0
TRBV06	CASSYSSGELFF	TRBJ02	TPRVTGGGAM	CMV	0.77	0.0
TRBV11	CASSLGANTIYF	TRBJ01	TPQDLNTML	HIV	0.77	0.0
TRBV07	CASSLGWGNTEAFF	TRBJ01	RLRPGGKKK	HIV	0.76	0.0
TRBV07	CASRPQGGNEKLFF	TRBJ01	RPRGEVRFL	HSV2	0.75	0.0
TRBV24-01	CATSDSYEQYF	TRBJ02	IIKDYGKQM	HIV	0.73	0.0
TRBV07	CASSFGTGGTGELFF	TRBJ02	ISPRTLNAW	HIV	0.72	0.0
TRBV07	CASSLNTEAFF	TRBJ01	ISPRTLNAW	HIV	0.66	0.0
TRBV05	CASSSYEQYF	TRBJ02	ISPRTLNAW	HIV	0.66	0.0
TRBV21-01	CASSPYEQYF	TRBJ02	ISPRTLNAW	HIV	0.65	0.0
TRBV29-01	CSVDRDSYGYTF	TRBJ01	QIKVRVKMV	CMV	0.58	0.0
TRBV07	CASSLGGEYNEQFF	TRBJ02	QIKVRVKMV	CMV	0.58	0.0
TRBV07	CASSRLAGSTDTQYF	TRBJ02	QIKVRVKMV	CMV	0.57	0.0
TRBV20-01	CSARPDYEQYF	TRBJ02	EIYKRWII	HIV	0.79	1e-05
TRBV07	CASSLYGGPSNEQFF	TRBJ02	FPRPWLHGL	HIV	0.76	1e-05
TRBV07	CASSSTGGGTEAFF	TRBJ01	QYDPVAALF	CMV	0.75	1e-05
TRBV06	CASSYFSGEGRGGSNQPQHF	TRBJ01	FLKEKGGL	HIV	0.69	1e-05
TRBV07	CASSLGSGGPSDTQYF	TRBJ02	QYDPVAALF	CMV	0.67	1e-05
TRBV12	CASSLGVGNTIYF	TRBJ01	TPQDLNTML	HIV	0.6	1e-05
TRBV12	CASSLGPTEAFF	TRBJ02	TPQDLNTML	HIV	0.59	1e-05
TRBV12	CASSLSYTEAFF	TRBJ01	TPQDLNTML	HIV	0.58	1e-05
TRBV12	CASSLSPGEAFF	TRBJ01	TPQDLNTML	HIV	0.58	1e-05
TRBV12	CASSLGSLTEAFF	TRBJ01	TPQDLNTML	HIV	0.56	1e-05
TRBV12	CASSFGGTEAFF	TRBJ01	TPQDLNTML	HIV	0.56	1e-05
TRBV12	CASSLGGTEAFF	TRBJ01	TPQDLNTML	HIV	0.56	1e-05
TRBV20-01	CSARVGVGNTIYF	TRBJ01	GLCTLVAML	EBV	0.95	2e-05
TRBV07	CASSPDRAHEQYF	TRBJ02	SFHSLHLLF	HTLV1	0.84	2e-05
TRBV25-01	CASSIGGELFF	TRBJ02	KLVALGINAV	HCV	0.83	2e-05
TRBV20-01	CSAGTGDSNQPQHF	TRBJ01	EPLPQGQLTAY	EBV	0.82	2e-05
TRBV07	CASSLGGYEQYF	TRBJ02	AMFWSVPTV	Melanoma	0.81	2e-05
TRBV07	CASSLAGAYEQYF	TRBJ02	AMFWSVPTV	Melanoma	0.78	2e-05
TRBV07	CASSSSYEQYF	TRBJ02	NLVPMVATV	CMV	0.77	2e-05
TRBV04	CASSPGTTNTGELFF	TRBJ02	ARMILMTHF	HCV	0.74	2e-05
TRBV05	CASSFDRGFYEQYF	TRBJ02	ARMILMTHF	HCV	0.73	2e-05
TRBV07	CASSPGTTNTGELFF	TRBJ02	ARMILMTHF	HCV	0.73	2e-05
TRBV04	CASSQGTGNTEAFF	TRBJ01	VTEHDTLLY	CMV	0.72	2e-05
TRBV07	CASSSRDRGSYEQYF	TRBJ02	TPRVTGGGAM	CMV	0.71	2e-05
TRBV07	CASSLWGGEYNEQFF	TRBJ02	FPRPWLHGL	HIV	0.7	2e-05
TRBV07	CASSLWAGDYNEQFF	TRBJ02	FPRPWLHGL	HIV	0.69	2e-05
TRBV07	CASSPARGTDTQYF	TRBJ02	FPRPWLHGL	HIV	0.69	2e-05
TRBV07	CASSFPPGYADLYSNQPQHF	TRBJ01	FLKEKGGL	HIV	0.66	2e-05
TRBV11	CASSHYEQYF	TRBJ02	ISPRTLNAW	HIV	0.63	2e-05
TRBV04	CASSLGVSSYEQYF	TRBJ02	KRWIIMGLNK	HIV	0.63	2e-05
TRBV06	CASSSTGLGQPQHF	TRBJ01	EAAGIGILTV	Melanoma	0.93	3e-05
TRBV25-01	CASSEGGTQYF	TRBJ02	KLVALGINAV	HCV	0.82	3e-05
TRBV04	CASSPQGRTDTQYF	TRBJ02	TPGPGVRYPL	HIV	0.79	3e-05
TRBV07	CASSSGQGREQYF	TRBJ02	LPPIVAKEI	HIV	0.77	3e-05
TRBV20-01	CSAREGYEQYF	TRBJ02	EIYKRWII	HIV	0.74	3e-05
TRBV07	CASSFDSVLYEQYF	TRBJ02	ARMILMTHF	HCV	0.71	3e-05
TRBV10	CAISEPAGGFYNEQFF	TRBJ02	IVTDFSVIK	EBV	0.67	3e-05
TRBV05	CASSLWGTDTQYF	TRBJ02	RPRGEVRFL	HSV2	0.67	3e-05
TRBV11	CASSMRDSQETQYF	TRBJ02	RYPLTFGWCF	HIV	0.49	3e-05
TRBV10	CASSDGGLGQPQHF	TRBJ01	EAAGIGILTV	Melanoma	0.9	4e-05
TRBV11	CASSPRGHGETQYF	TRBJ02	TPGPGVRYPL	HIV	0.77	4e-05
TRBV04	CASSQEGQGETYEQYF	TRBJ02	CINGVCWTV	HCV	0.7	4e-05
TRBV06	CASSTGGSTEAFF	TRBJ01	CINGVCWTV	HCV	0.68	4e-05
TRBV05	CASSLGGDTEAFF	TRBJ01	CINGVCWTV	HCV	0.68	4e-05
TRBV05	CASSLVENTEAFF	TRBJ01	CINGVCWTV	HCV	0.68	4e-05
TRBV04	CASSQGTSGSPYEQYF	TRBJ02	CINGVCWTV	HCV	0.68	4e-05
TRBV11	CASSLGGSNYGYTF	TRBJ01	IVTDFSVIK	EBV	0.63	4e-05
TRBV12	CASSFGPPEAFF	TRBJ01	TPQDLNTML	HIV	0.55	4e-05
TRBV12	CASSLPGELFF	TRBJ02	TPQDLNTML	HIV	0.55	4e-05
TRBV06	CASSYSGELFF	TRBJ02	KLVALGINAV	HCV	0.81	5e-05
TRBV07	CASSSDRNEQFF	TRBJ02	KRWIILGLNK	HIV	0.77	5e-05
TRBV07	CASSLLAGGIDTQYF	TRBJ02	AMFWSVPTV	Melanoma	0.77	5e-05
TRBV07	CASSLGGYEQYF	TRBJ02	GLCTLVAML	EBV	0.76	5e-05
TRBV10	CASSDGGLGQPQHF	TRBJ01	LLLGIGILV	Multiple Myeloma	0.75	5e-05
TRBV05	CASSLGWGADEQFF	TRBJ02	RLRPGGKKK	HIV	0.73	5e-05
TRBV05	CASSFEGAGYEQYF	TRBJ02	ARMILMTHF	HCV	0.68	5e-05
TRBV07	CALRTSGDETQYF	TRBJ02	IIKDYGKQM	HIV	0.66	5e-05
TRBV07	CASSFGTGGTGELFF	TRBJ02	GTSGSPIIDK	DENV2	0.64	5e-05
TRBV07	CASSLFGGSTDTQYF	TRBJ02	FPRPWLHGL	HIV	0.62	5e-05
TRBV12	CASGLYEQYF	TRBJ02	ISPRTLNAW	HIV	0.62	5e-05
TRBV12	CASSLSGNTIYF	TRBJ01	TPQDLNTML	HIV	0.54	5e-05
TRBV07	CASSTDRGYEQYF	TRBJ02	RYPLTFGWCF	HIV	0.48	5e-05
TRBV25-01	CASNIGTEAFF	TRBJ01	KLVALGINAV	HCV	0.79	6e-05
TRBV07	CASSLGRGYEQYF	TRBJ02	GLCTLVAML	EBV	0.74	6e-05
TRBV29-01	CSVPGTTYNEQFF	TRBJ02	GLCTLVAML	EBV	0.74	6e-05
TRBV25-01	CASSGITGELFF	TRBJ02	KRWIILGLNK	HIV	0.74	6e-05
TRBV07	CASSLEGFGQPQHF	TRBJ01	LLLGIGILV	Multiple Myeloma	0.74	6e-05
TRBV29-01	CSVDGGSYEQYF	TRBJ02	YSEHPTFTSQY	CMV	0.73	6e-05
TRBV05	CASSLSQGRTEAFF	TRBJ01	EIYKRWII	HIV	0.72	6e-05
TRBV07	CASSPDRLETQYF	TRBJ02	SFHSLHLLF	HTLV1	0.72	6e-05
TRBV05	CASSFGWGTGELFF	TRBJ02	RLRPGGKKK	HIV	0.7	6e-05
TRBV07	CASSLGGDTEAFF	TRBJ01	CINGVCWTV	HCV	0.66	6e-05
TRBV04	CASSQETGVYGYEQYF	TRBJ02	CINGVCWTV	HCV	0.66	6e-05
TRBV04	CASRIAGGTDTQYF	TRBJ02	RPRGEVRFL	HSV2	0.64	6e-05
TRBV12	CASSLGLIYEQYF	TRBJ02	FLKEKGGL	HIV	0.6	6e-05
TRBV20-01	CSARGGDFSYEQYF	TRBJ02	KRWIIMGLNK	HIV	0.6	6e-05
TRBV06	CASSELAGLGNEQFF	TRBJ02	FLKEKGGL	HIV	0.59	6e-05
TRBV07	CASSLWTGGFETQYF	TRBJ02	FPRPWLHGL	HIV	0.59	6e-05
TRBV12	CASSSGNTEAFF	TRBJ01	YVLDHLIVV	EBV	0.55	6e-05
TRBV29-01	CSVDGKRTEGYTF	TRBJ01	QIKVRVKMV	CMV	0.52	6e-05
TRBV07	CASSSRTGELFF	TRBJ02	HPVGEADYFEY	EBV	0.76	7e-05
TRBV07	CASSSDRYEQFF	TRBJ02	KRWIILGLNK	HIV	0.73	7e-05
TRBV04	CASSQVGGNEQFF	TRBJ02	GLCTLVAML	EBV	0.71	7e-05
TRBV10	CASSAQTGELFF	TRBJ02	KRWIILGLNK	HIV	0.71	7e-05
TRBV07	CASSLVGTEAFF	TRBJ01	GLCTLVAML	EBV	0.7	7e-05
TRBV10	CASSFTDTQYF	TRBJ02	NLVPMVATV	CMV	0.69	7e-05
TRBV04	CASSPGQGSSYEQYF	TRBJ02	RAKFKQLL	EBV	0.68	7e-05
TRBV07	CASSPSTGELFF	TRBJ02	ELAGIGILTV	Melanoma	0.67	7e-05
TRBV05	CASSGNTGELFF	TRBJ02	ELAGIGILTV	Melanoma	0.67	7e-05
TRBV07	CASRGQGANEKLFF	TRBJ01	RPRGEVRFL	HSV2	0.63	7e-05
TRBV07	CASSGTGGGDTQYF	TRBJ02	QYDPVAALF	CMV	0.59	7e-05
TRBV11	CASSLLAGVGETQYF	TRBJ02	FLKEKGGL	HIV	0.58	7e-05
TRBV20-01	CSATDRGNANEQFF	TRBJ02	HPKVSSEVHI	HIV	0.55	7e-05
TRBV07	CASSLYRNTGELFF	TRBJ02	QVPLRPMTYK	HIV	0.5	7e-05
TRBV29-01	CSVGTSESYEQYF	TRBJ02	YSEHPTFTSQY	CMV	0.71	8e-05
TRBV07	CASSAQDGPNEKLFF	TRBJ01	IPSINVHHY	CMV	0.64	8e-05
TRBV10	CASSGGNTDTQYF	TRBJ02	GTSGSPIIDK	DENV2	0.62	8e-05
TRBV03	CASSLNYEQYF	TRBJ02	ISPRTLNAW	HIV	0.61	8e-05
TRBV05	CASSLTYEQYF	TRBJ02	ISPRTLNAW	HIV	0.61	8e-05
TRBV07	CASSFYEQYF	TRBJ02	ISPRTLNAW	HIV	0.61	8e-05
TRBV11	CASSSGGGIQETQYF	TRBJ02	GTSGSPIIDK	DENV2	0.6	8e-05
TRBV07	CASSLGGGPQETQYF	TRBJ02	GTSGSPIIDK	DENV2	0.59	8e-05
TRBV06	CASRGGDTGELFF	TRBJ02	HPKVSSEVHI	HIV	0.54	8e-05
TRBV05	CASRTLAGGGETQYF	TRBJ02	YVLDHLIVV	EBV	0.53	8e-05
TRBV12	CASSFGEYTEAFF	TRBJ01	TPQDLNTML	HIV	0.53	8e-05
TRBV12	CASSLVYTEAFF	TRBJ01	TPQDLNTML	HIV	0.53	8e-05
TRBV07	CASSLGAGLQETQYF	TRBJ02	GTSGSPIINR	DENV3/4	0.81	9e-05
TRBV12	CASSLAGLGDSEHF	TRBJ01	EAAGIGILTV	Melanoma	0.78	9e-05
TRBV07	CASSLVTGGRETQYF	TRBJ02	EIYKRWII	HIV	0.71	9e-05
TRBV07	CASSADRDEQYF	TRBJ02	KRWIILGLNK	HIV	0.68	9e-05
TRBV04	CASSLGTFETQYF	TRBJ02	GLCTLVAML	EBV	0.67	9e-05
TRBV04	CASSQERGNEQFF	TRBJ02	GLCTLVAML	EBV	0.67	9e-05
TRBV03	CASSQGGSTEAFF	TRBJ01	CINGVCWTV	HCV	0.64	9e-05
TRBV03	CASSQDVAGAPYEQYF	TRBJ02	CINGVCWTV	HCV	0.64	9e-05
TRBV04	CASSQEGGGASYEQYF	TRBJ02	CINGVCWTV	HCV	0.64	9e-05
TRBV07	CASSLSGSYEQYF	TRBJ02	VTEHDTLLY	CMV	0.63	9e-05
TRBV20-01	CSATERSSFYEQYF	TRBJ02	HPKVSSEVHI	HIV	0.53	9e-05
TRBV07	CASSLGADQPQHF	TRBJ01	HPKVSSEVHI	HIV	0.53	9e-05
TRBV07	CASSLGAGYEQYF	TRBJ02	AMFWSVPTV	Melanoma	0.75	0.0001
TRBV07	CASSLGGAYEQYF	TRBJ02	AMFWSVPTV	Melanoma	0.75	0.0001
TRBV05	CASSLGGYEQYF	TRBJ02	AMFWSVPTV	Melanoma	0.75	0.0001
TRBV07	CASSIIGGLAETQYF	TRBJ02	AMFWSVPTV	Melanoma	0.75	0.0001
TRBV07	CASSLGVGQPQHF	TRBJ01	LLLGIGILV	Multiple Myeloma	0.69	0.0001
TRBV07	CASSLAGVGNEQFF	TRBJ02	LLLGIGILV	Multiple Myeloma	0.68	0.0001
TRBV07	CASSLGLYEQYF	TRBJ02	NLVPMVATV	CMV	0.67	0.0001
TRBV07	CASSFYAGVGEQFF	TRBJ02	ARMILMTHF	HCV	0.64	0.0001
TRBV07	CASSLASGYEQYF	TRBJ02	VTEHDTLLY	CMV	0.62	0.0001
TRBV07	CASRSGQGAYEQYF	TRBJ02	KRWIIMGLNK	HIV	0.59	0.0001
TRBV04	CASSQGGGSQETQYF	TRBJ02	GTSGSPIIDK	DENV2	0.58	0.0001
TRBV07	CASSFDSTDTQYF	TRBJ02	QYDPVAALF	CMV	0.55	0.0001
TRBV07	CASSASLDRTDTQYF	TRBJ02	QYDPVAALF	CMV	0.55	0.0001
TRBV07	CASSITSGRTDTQYF	TRBJ02	QYDPVAALF	CMV	0.55	0.0001
TRBV04	CASSSGTTNTGELFF	TRBJ02	ATDALMTGY	HCV	0.86	0.0
TRBV07	CASRAGTINTGELFF	TRBJ02	ATDALMTGY	HCV	0.86	0.0
TRBV05	CASSLGDTEAFF	TRBJ01	NLVPMVATV	CMV	0.83	0.0
TRBV07	CASSPRGRIDEQFF	TRBJ02	TPGPGVRYPL	HIV	0.83	0.0
TRBV12	CASSLGANTIYF	TRBJ01	TPQDLNTML	HIV	0.83	0.0
TRBV07	CASSLGGGTQETQYF	TRBJ02	GTSGSPIIDK	DENV2	0.81	0.0
TRBV05	CASSLGWGTPEAFF	TRBJ01	RLRPGGKKK	HIV	0.81	0.0
TRBV29-01	CSVEGGSYEQYF	TRBJ02	YSEHPTFTSQY	CMV	0.8	0.0
TRBV06	CASSYSSGELFF	TRBJ02	TPRVTGGGAM	CMV	0.77	0.0
TRBV05	CASSQGWGLDEQFF	TRBJ02	RLRPGGKKK	HIV	0.76	0.0
TRBV12	CASSSGTSGYEQYF	TRBJ02	QIKVRVKMV	CMV	0.75	0.0
TRBV05	CASSGGWGSYEQYF	TRBJ02	RLRPGGKKK	HIV	0.75	0.0
TRBV20-01	CSATARSGYNEQFF	TRBJ02	HPKVSSEVHI	HIV	0.67	0.0
TRBV07	CASILNTEAFF	TRBJ01	ISPRTLNAW	HIV	0.67	0.0
TRBV05	CASSLNYEQYF	TRBJ02	ISPRTLNAW	HIV	0.66	0.0
TRBV05	CASSSYEQYF	TRBJ02	ISPRTLNAW	HIV	0.66	0.0
TRBV05	CASSYDRGYEQYF	TRBJ02	RYPLTFGWCF	HIV	0.65	0.0
TRBV07	CASSLGGEYNEQFF	TRBJ02	QIKVRVKMV	CMV	0.58	0.0
TRBV29-01	CSVDHRFNYGYTF	TRBJ01	QIKVRVKMV	CMV	0.58	0.0
TRBV20-01	CSARTSYEQYF	TRBJ02	EIYKRWII	HIV	0.81	1e-05
TRBV29-01	CSVEGGSSYEQYF	TRBJ02	YSEHPTFTSQY	CMV	0.76	1e-05
TRBV07	CASSSTGGGTEAFF	TRBJ01	QYDPVAALF	CMV	0.75	1e-05
TRBV04	CASSQEYTGLTYEQYF	TRBJ02	CINGVCWTV	HCV	0.75	1e-05
TRBV04	CASSQGGSTEAFF	TRBJ01	CINGVCWTV	HCV	0.74	1e-05
TRBV07	CASSLLGQYNEQFF	TRBJ02	FLKEKGGL	HIV	0.73	1e-05
TRBV06	CASRDGRGGTEAFF	TRBJ01	KRWIIMGLNK	HIV	0.69	1e-05
TRBV12	CASNLGGNTIYF	TRBJ01	TPQDLNTML	HIV	0.58	1e-05
TRBV24-01	CATSDRDSQETQYF	TRBJ02	RYPLTFGWCF	HIV	0.56	1e-05
TRBV12	CASSFGGTEAFF	TRBJ01	TPQDLNTML	HIV	0.56	1e-05
TRBV06	CASSDRDSQETQYF	TRBJ02	RYPLTFGWCF	HIV	0.54	1e-05
TRBV07	CASSLGGYEQYF	TRBJ02	AMFWSVPTV	Melanoma	0.81	2e-05
TRBV29-01	CSVTGVYYEQYF	TRBJ02	YSEHPTFTSQY	CMV	0.74	2e-05
TRBV29-01	CSVDTGSYEQYF	TRBJ02	YSEHPTFTSQY	CMV	0.74	2e-05
TRBV11	CASSFDLGSYEQYF	TRBJ02	ARMILMTHF	HCV	0.73	2e-05
TRBV25-01	CASRDSGGGEQYF	TRBJ02	IIKDYGKQM	HIV	0.7	2e-05
TRBV07	CASSLYAGKSDTQYF	TRBJ02	FPRPWLHGL	HIV	0.69	2e-05
TRBV07	CASSLYGGSQETQYF	TRBJ02	FPRPWLHGL	HIV	0.66	2e-05
TRBV05	CASSLDSDTQYF	TRBJ02	QYDPVAALF	CMV	0.63	2e-05
TRBV07	CASSFNTEAFF	TRBJ01	ISPRTLNAW	HIV	0.63	2e-05
TRBV06	CASRLGQGGTEAFF	TRBJ01	KRWIIMGLNK	HIV	0.63	2e-05
TRBV06	CASSKYNEQFF	TRBJ02	QVPLRPMTYK	HIV	0.55	2e-05
TRBV05	CASSVGLEYNEQFF	TRBJ02	QIKVRVKMV	CMV	0.54	2e-05
TRBV07	CASSLGGGTQETQYF	TRBJ02	GTSGSPIINR	DENV3/4	0.87	3e-05
TRBV11	CASSFSSGTTDTQYF	TRBJ02	GLCTLVAML	EBV	0.87	3e-05
TRBV07	CASSLGPEAFF	TRBJ01	NLVPMVATV	CMV	0.76	3e-05
TRBV20-01	CSAREGYEQYF	TRBJ02	EIYKRWII	HIV	0.74	3e-05
TRBV20-01	CSARASYEQYF	TRBJ02	EIYKRWII	HIV	0.73	3e-05
TRBV07	CASSLGQGARTEAFF	TRBJ01	EIYKRWII	HIV	0.73	3e-05
TRBV03	CASSPYGGSNTGELFF	TRBJ02	ARMILMTHF	HCV	0.72	3e-05
TRBV07	CASSSGQTPNEKLFF	TRBJ01	IPSINVHHY	CMV	0.69	3e-05
TRBV07	CASSFGTGGEQYF	TRBJ02	KRWIIMGLNK	HIV	0.61	3e-05
TRBV06	CASSRDRGRINEQFF	TRBJ02	QVPLRPMTYK	HIV	0.52	3e-05
TRBV07	CASSLDRDEQFF	TRBJ02	KRWIILGLNK	HIV	0.83	4e-05
TRBV07	CASSPDRFNEQFF	TRBJ02	SFHSLHLLF	HTLV1	0.78	4e-05
TRBV20-01	CSARQGDTGELFF	TRBJ02	NLVPMVATV	CMV	0.74	4e-05
TRBV07	CASSLSGTDTQYF	TRBJ02	GTSGSPIIDK	DENV2	0.67	4e-05
TRBV12	CASSLGDPTEAFF	TRBJ01	TPQDLNTML	HIV	0.55	4e-05
TRBV12	CASSLGNTEAFF	TRBJ01	TPQDLNTML	HIV	0.55	4e-05
TRBV06	CASSYGSYEQYF	TRBJ02	KLVALGINAV	HCV	0.81	5e-05
TRBV07	CASSSGGELFF	TRBJ02	KLVALGINAV	HCV	0.81	5e-05
TRBV25-01	CASSETGGYTF	TRBJ01	KLVALGINAV	HCV	0.8	5e-05
TRBV07	CASSLGGYEQYF	TRBJ02	GLCTLVAML	EBV	0.76	5e-05
TRBV03	CASSPSGRYNEQFF	TRBJ02	TPGPGVRYPL	HIV	0.76	5e-05
TRBV07	CASSPSGRVNEQFF	TRBJ02	TPGPGVRYPL	HIV	0.76	5e-05
TRBV07	CASSPRGRGDEQFF	TRBJ02	TPGPGVRYPL	HIV	0.75	5e-05
TRBV03	CASSQSGRGDTQYF	TRBJ02	TPGPGVRYPL	HIV	0.75	5e-05
TRBV04	CASSQEGTRRETQYF	TRBJ02	TPGPGVRYPL	HIV	0.74	5e-05
TRBV05	CASSPRGGYNEQFF	TRBJ02	TPGPGVRYPL	HIV	0.73	5e-05
TRBV05	CASSFGWGGTEAFF	TRBJ01	RLRPGGKKK	HIV	0.72	5e-05
TRBV11	CASSLETQYF	TRBJ02	NLVPMVATV	CMV	0.71	5e-05
TRBV07	CASSLWSSGSNEQFF	TRBJ02	FPRPWLHGL	HIV	0.62	5e-05
TRBV12	CASSLGGGEAFF	TRBJ01	TPQDLNTML	HIV	0.54	5e-05
TRBV07	CASSSGGLGQPQHF	TRBJ01	EAAGIGILTV	Melanoma	0.83	6e-05
TRBV29-01	CSVGGGATNEKLFF	TRBJ01	GLCTLVAML	EBV	0.75	6e-05
TRBV07	CASSLGNTEAFF	TRBJ01	GLCTLVAML	EBV	0.74	6e-05
TRBV29-01	CSVEPGNTEAFF	TRBJ01	YSEHPTFTSQY	CMV	0.72	6e-05
TRBV07	CASSLDRVHEQFF	TRBJ02	SFHSLHLLF	HTLV1	0.71	6e-05
TRBV29-01	CSVGGGDGYTF	TRBJ01	ELAGIGILTV	Melanoma	0.71	6e-05
TRBV29-01	CSVTQGEGYEQYF	TRBJ02	RAKFKQLL	EBV	0.69	6e-05
TRBV07	CASRQQGRDEKLFF	TRBJ01	RPRGEVRFL	HSV2	0.64	6e-05
TRBV10	CAISGTSGGLYNEQFF	TRBJ02	IVTDFSVIK	EBV	0.62	6e-05
TRBV20-01	CSASDTSYNEQFF	TRBJ02	YVLDHLIVV	EBV	0.55	6e-05
TRBV25-01	CASSTSAGTGAHEQYF	TRBJ02	RYPLTFGWCF	HIV	0.47	6e-05
TRBV20-01	CSARLDRGNTIYF	TRBJ01	GLCTLVAML	EBV	0.72	7e-05
TRBV07	CASSPGQGSHEQFF	TRBJ02	KRWIILGLNK	HIV	0.71	7e-05
TRBV10	CAISESYEQYF	TRBJ02	NLVPMVATV	CMV	0.69	7e-05
TRBV05	CASSFSETQYF	TRBJ02	NLVPMVATV	CMV	0.69	7e-05
TRBV05	CASSLNYEQYF	TRBJ02	NLVPMVATV	CMV	0.69	7e-05
TRBV29-01	CSVGGGTEAFF	TRBJ01	RAKFKQLL	EBV	0.68	7e-05
TRBV11	CASSLGQLGQPQHF	TRBJ01	ELAGIGILTV	Melanoma	0.67	7e-05
TRBV07	CASSLRGSGIYNEQFF	TRBJ02	TPRVTGGGAM	CMV	0.66	7e-05
TRBV06	CASRGTGGPEQYF	TRBJ02	IIKDYGKQM	HIV	0.63	7e-05
TRBV11	CASSLDSTDTQYF	TRBJ02	QYDPVAALF	CMV	0.59	7e-05
TRBV07	CASSSMNGGTEAFF	TRBJ01	QYDPVAALF	CMV	0.59	7e-05
TRBV07	CASSLDSTSTDTQYF	TRBJ02	QYDPVAALF	CMV	0.58	7e-05
TRBV07	CASSLLGDYNEQFF	TRBJ02	FLKEKGGL	HIV	0.58	7e-05
TRBV07	CASSSGQGHEQYF	TRBJ02	LPPIVAKEI	HIV	0.72	8e-05
TRBV29-01	CSVAGTDYEQYF	TRBJ02	YSEHPTFTSQY	CMV	0.71	8e-05
TRBV12	CASSPRGGQETQYF	TRBJ02	TPGPGVRYPL	HIV	0.7	8e-05
TRBV07	CASSLGTGYEQYF	TRBJ02	GLCTLVAML	EBV	0.69	8e-05
TRBV05	CASSLYNEQFF	TRBJ02	NLVPMVATV	CMV	0.68	8e-05
TRBV04	CASSQEGSGSSYEQYF	TRBJ02	CINGVCWTV	HCV	0.65	8e-05
TRBV04	CASSQETGTGSYEQYF	TRBJ02	CINGVCWTV	HCV	0.65	8e-05
TRBV10	CASSESNIPNEKLFF	TRBJ01	IPSINVHHY	CMV	0.64	8e-05
TRBV07	CASSFGGGTTDTQYF	TRBJ02	GTSGSPIIDK	DENV2	0.61	8e-05
TRBV07	CASSLGGGAQETQYF	TRBJ02	GTSGSPIIDK	DENV2	0.61	8e-05
TRBV05	CASSLTYEQYF	TRBJ02	ISPRTLNAW	HIV	0.61	8e-05
TRBV05	CASSLDYEQYF	TRBJ02	ISPRTLNAW	HIV	0.61	8e-05
TRBV04	CASATYEQYF	TRBJ02	ISPRTLNAW	HIV	0.61	8e-05
TRBV07	CASSSMTGLTGELFF	TRBJ02	ISPRTLNAW	HIV	0.61	8e-05
TRBV04	CASSQGTGLAFYGYTF	TRBJ01	FLKEKGGL	HIV	0.57	8e-05
TRBV11	CASSRNTIYF	TRBJ01	HPKVSSEVHI	HIV	0.54	8e-05
TRBV20-01	CSASDPNYNEQFF	TRBJ02	YVLDHLIVV	EBV	0.53	8e-05
TRBV12	CASSFLYTEAFF	TRBJ01	TPQDLNTML	HIV	0.53	8e-05
TRBV12	CASSLGQGEAFF	TRBJ01	TPQDLNTML	HIV	0.53	8e-05
TRBV12	CASSLGPEAFF	TRBJ01	TPQDLNTML	HIV	0.53	8e-05
TRBV11	CASSWGSYEQYF	TRBJ02	KLVALGINAV	HCV	0.78	9e-05
TRBV11	CASSYGGYEQYF	TRBJ02	KLVALGINAV	HCV	0.78	9e-05
TRBV04	CASSSSGELFF	TRBJ02	KLVALGINAV	HCV	0.78	9e-05
TRBV07	CASSLAQGGRTEAFF	TRBJ01	EIYKRWII	HIV	0.71	9e-05
TRBV04	CASSQETGELFF	TRBJ02	HPVGEADYFEY	EBV	0.7	9e-05
TRBV05	CASSAREGELFF	TRBJ02	HPVGEADYFEY	EBV	0.7	9e-05
TRBV07	CASSPTTGELFF	TRBJ02	KRWIILGLNK	HIV	0.68	9e-05
TRBV10	CASSESTGELFF	TRBJ02	KRWIILGLNK	HIV	0.68	9e-05
TRBV03	CASSQEGDTEAFF	TRBJ01	CINGVCWTV	HCV	0.64	9e-05
TRBV04	CASSQEGSSSPYEQYF	TRBJ02	CINGVCWTV	HCV	0.64	9e-05
TRBV04	CASSQGQGGDEQFF	TRBJ02	VTEHDTLLY	CMV	0.63	9e-05
TRBV06	CASSEYTEAFF	TRBJ01	QVPLRPMTYK	HIV	0.49	9e-05
TRBV04	CASSQRGQQETQYF	TRBJ02	TPGPGVRYPL	HIV	0.69	0.0001
TRBV07	CASSLAGFGQPQHF	TRBJ01	LLLGIGILV	Multiple Myeloma	0.69	0.0001
TRBV07	CASSSGGLGQPQHF	TRBJ01	LLLGIGILV	Multiple Myeloma	0.69	0.0001
TRBV05	CASSLPGFGQPQHF	TRBJ01	LLLGIGILV	Multiple Myeloma	0.68	0.0001
TRBV05	CASSLSTDTQYF	TRBJ02	QYDPVAALF	CMV	0.55	0.0001
TRBV07	CASSLGSGGSTDTQYF	TRBJ02	QYDPVAALF	CMV	0.55	0.0001
TRBV07	CASSGGTSGGGDTQYF	TRBJ02	QYDPVAALF	CMV	0.55	0.0001
TRBV07	CASSLSSTDTQYF	TRBJ02	QYDPVAALF	CMV	0.54	0.0001
TRBV12	CASSIGAGGPTDTQYF	TRBJ02	QYDPVAALF	CMV	0.54	0.0001
TRBV07	CASTSRGGSPGEQYF	TRBJ02	QYDPVAALF	CMV	0.54	0.0001
TRBV07	CASSSAGGGGGELFF	TRBJ02	QYDPVAALF	CMV	0.54	0.0001
TRBV07	CASSFSGTGGAEAFF	TRBJ01	QYDPVAALF	CMV	0.54	0.0001
TRBV07	CASSGRSSTDTQYF	TRBJ02	QYDPVAALF	CMV	0.54	0.0001
TRBV07	CASSSVNEQFF	TRBJ02	NLVPMVATV	CMV	0.95	0.0
TRBV10	CAISESTAGNQPQHF	TRBJ01	ATDALMTGY	HCV	0.89	0.0
TRBV07	CASSFPGQGRTEAFF	TRBJ01	EIYKRWII	HIV	0.89	0.0
TRBV04	CASSSGTTNTGELFF	TRBJ02	ATDALMTGY	HCV	0.86	0.0
TRBV25-01	CASSEGGKLFF	TRBJ01	KLVALGINAV	HCV	0.85	0.0
TRBV05	CASSLGWGSYEQYF	TRBJ02	RLRPGGKKK	HIV	0.84	0.0
TRBV05	CASSLGDTEAFF	TRBJ01	NLVPMVATV	CMV	0.83	0.0
TRBV04	CASSPNTGELFF	TRBJ02	NLVPMVATV	CMV	0.83	0.0
TRBV07	CASSFCPGTGALYSNQPQHF	TRBJ01	FLKEKGGL	HIV	0.78	0.0
TRBV07	CASSSGTSGYEQYF	TRBJ02	QIKVRVKMV	CMV	0.76	0.0
TRBV05	CASSLDRNTGELFF	TRBJ02	RLRPGGKKK	HIV	0.76	0.0
TRBV07	CASSTNNEQFF	TRBJ02	ISPRTLNAW	HIV	0.72	0.0
TRBV07	CASSFGTGLTGELFF	TRBJ02	ISPRTLNAW	HIV	0.72	0.0
TRBV12	CASSLGYTEAFF	TRBJ01	TPQDLNTML	HIV	0.68	0.0
TRBV04	CASGTYEQYF	TRBJ02	ISPRTLNAW	HIV	0.67	0.0
TRBV07	CASSLNTEAFF	TRBJ01	ISPRTLNAW	HIV	0.66	0.0
TRBV05	CASSLNNEQFF	TRBJ02	ISPRTLNAW	HIV	0.66	0.0
TRBV25-01	CASSDYEQYF	TRBJ02	ISPRTLNAW	HIV	0.66	0.0
TRBV05	CASSLNYEQYF	TRBJ02	ISPRTLNAW	HIV	0.66	0.0
TRBV11	CASSLNYEQYF	TRBJ02	ISPRTLNAW	HIV	0.65	0.0
TRBV07	CASSTNTEAFF	TRBJ01	ISPRTLNAW	HIV	0.64	0.0
TRBV07	CASSSRDREETQYF	TRBJ02	TPQDLNTML	HIV	0.63	0.0
TRBV12	CASSFGLTEAFF	TRBJ01	TPQDLNTML	HIV	0.62	0.0
TRBV05	CASSTGTSGYEQYF	TRBJ02	QIKVRVKMV	CMV	0.6	0.0
TRBV29-01	CSVSFRGSYGYTF	TRBJ01	QIKVRVKMV	CMV	0.58	0.0
TRBV20-01	CSARDGTGNGYTF	TRBJ01	GLCTLVAML	EBV	1.0	1e-05
TRBV20-01	CSARDNYEQYF	TRBJ02	EIYKRWII	HIV	0.85	1e-05
TRBV20-01	CSAREDYEQYF	TRBJ02	EIYKRWII	HIV	0.85	1e-05
TRBV07	CASSLGAGEQYF	TRBJ02	AMFWSVPTV	Melanoma	0.84	1e-05
TRBV05	CASSVPGQGRTEAFF	TRBJ01	EIYKRWII	HIV	0.82	1e-05
TRBV04	CASSPRGRRDTQYF	TRBJ02	TPGPGVRYPL	HIV	0.81	1e-05
TRBV29-01	CSVGTGTYEQYF	TRBJ02	YSEHPTFTSQY	CMV	0.77	1e-05
TRBV04	CASSQEKGTEAFF	TRBJ01	CINGVCWTV	HCV	0.77	1e-05
TRBV20-01	CSARLGEGFYEQYF	TRBJ02	KRWIIMGLNK	HIV	0.68	1e-05
TRBV12	CASSSGPPEVF	TRBJ01	TPQDLNTML	HIV	0.61	1e-05
TRBV07	CASTDTQYF	TRBJ02	TPQDLNTML	HIV	0.58	1e-05
TRBV12	CASSFGVTEAFF	TRBJ01	TPQDLNTML	HIV	0.58	1e-05
TRBV29-01	CSGKGGLNYNEQFF	TRBJ02	QIKVRVKMV	CMV	0.56	1e-05
TRBV12	CASSLGGTEAFF	TRBJ01	TPQDLNTML	HIV	0.56	1e-05
TRBV12	CASSFGGTEAFF	TRBJ01	TPQDLNTML	HIV	0.56	1e-05
TRBV04	CASSQFSKGTDTQYF	TRBJ02	RYPLTFGWCF	HIV	0.51	1e-05
TRBV29-01	CSVGTGGTNEKLFF	TRBJ01	GLCTLVAML	EBV	0.98	2e-05
TRBV29-01	CSVGAGGTNEKLFF	TRBJ01	GLCTLVAML	EBV	0.97	2e-05
TRBV20-01	CSARVGVGNTIYF	TRBJ01	GLCTLVAML	EBV	0.95	2e-05
TRBV29-01	CSVRGEGDEQYF	TRBJ02	GLCTLVAML	EBV	0.94	2e-05
TRBV29-01	CSVGAEGTNEKLFF	TRBJ01	GLCTLVAML	EBV	0.91	2e-05
TRBV25-01	CASSGGGEQFF	TRBJ02	KLVALGINAV	HCV	0.84	2e-05
TRBV25-01	CASSLGGYEQYF	TRBJ02	KLVALGINAV	HCV	0.84	2e-05
TRBV07	CASSLGGYEQYF	TRBJ02	AMFWSVPTV	Melanoma	0.81	2e-05
TRBV07	CASSLAGYEQYF	TRBJ02	AMFWSVPTV	Melanoma	0.81	2e-05
TRBV25-01	CASSLGGYEQYF	TRBJ02	AMFWSVPTV	Melanoma	0.79	2e-05
TRBV11	CASSLNYEQYF	TRBJ02	NLVPMVATV	CMV	0.78	2e-05
TRBV29-01	CSVGSGDPYEQYF	TRBJ02	RAKFKQLL	EBV	0.78	2e-05
TRBV07	CASSSSYEQYF	TRBJ02	NLVPMVATV	CMV	0.77	2e-05
TRBV11	CASSLASSEQFF	TRBJ02	ARMILMTHF	HCV	0.73	2e-05
TRBV04	CASSQETGSYPYEQYF	TRBJ02	CINGVCWTV	HCV	0.72	2e-05
TRBV07	CASSLFPGVDQPQHF	TRBJ01	FPRPWLHGL	HIV	0.71	2e-05
TRBV12	CASRPTGGTDTQYF	TRBJ02	RPRGEVRFL	HSV2	0.68	2e-05
TRBV07	CASSLYGGGSETQYF	TRBJ02	FPRPWLHGL	HIV	0.67	2e-05
TRBV05	CASSLDSTDTQYF	TRBJ02	QYDPVAALF	CMV	0.63	2e-05
TRBV07	CASSLNNEQFF	TRBJ02	ISPRTLNAW	HIV	0.63	2e-05
TRBV05	CASSTDNEQFF	TRBJ02	ISPRTLNAW	HIV	0.63	2e-05
TRBV06	CASRGAGTPNTGELFF	TRBJ02	QVPLRPMTYK	HIV	0.54	2e-05
TRBV06	CASSYSRDRGNTIYF	TRBJ01	QVPLRPMTYK	HIV	0.54	2e-05
TRBV11	CASSPSRGTGNTIYF	TRBJ01	QVPLRPMTYK	HIV	0.54	2e-05
TRBV06	CASSYSGKREGLHEQYF	TRBJ02	RYPLTFGWCF	HIV	0.5	2e-05
TRBV07	CASSYTGELFF	TRBJ02	KLVALGINAV	HCV	0.82	3e-05
TRBV03	CASSQEGRGDTQYF	TRBJ02	TPGPGVRYPL	HIV	0.79	3e-05
TRBV04	CASSQRGRGETQYF	TRBJ02	TPGPGVRYPL	HIV	0.78	3e-05
TRBV07	CASSASYEQYF	TRBJ02	NLVPMVATV	CMV	0.76	3e-05
TRBV07	CASSLDRGEQYF	TRBJ02	NLVPMVATV	CMV	0.76	3e-05
TRBV20-01	CSARQGYEQYF	TRBJ02	EIYKRWII	HIV	0.76	3e-05
TRBV29-01	CSVGQGPDTQYF	TRBJ02	RAKFKQLL	EBV	0.73	3e-05
TRBV29-01	CSVGQGSYEQYF	TRBJ02	RAKFKQLL	EBV	0.73	3e-05
TRBV29-01	CSVGTGTYEQYF	TRBJ02	RAKFKQLL	EBV	0.73	3e-05
TRBV20-01	CSARGDYEQYF	TRBJ02	EIYKRWII	HIV	0.73	3e-05
TRBV07	CASSLAQGARTEAFF	TRBJ01	EIYKRWII	HIV	0.73	3e-05
TRBV04	CASSQEALAGSYEQYF	TRBJ02	CINGVCWTV	HCV	0.71	3e-05
TRBV05	CASSLWGTDTQYF	TRBJ02	RPRGEVRFL	HSV2	0.67	3e-05
TRBV24-01	CATSDLLGSADTQYF	TRBJ02	YVLDHLIVV	EBV	0.59	3e-05
TRBV05	CASSLGADQPQHF	TRBJ01	HPKVSSEVHI	HIV	0.59	3e-05
TRBV04	CASSQDGLGQPQHF	TRBJ01	EAAGIGILTV	Melanoma	0.92	4e-05
TRBV04	CASSQDGLGQPQHF	TRBJ01	LLLGIGILV	Multiple Myeloma	0.77	4e-05
TRBV29-01	CSGGQGNYGYTF	TRBJ01	RAKFKQLL	EBV	0.7	4e-05
TRBV04	CASSQGEGTEAFF	TRBJ01	CINGVCWTV	HCV	0.69	4e-05
TRBV04	CASSQELGGDPYEQYF	TRBJ02	CINGVCWTV	HCV	0.69	4e-05
TRBV04	CASSQVPGGTYPYEQYF	TRBJ02	CINGVCWTV	HCV	0.69	4e-05
TRBV04	CASSPGQAPNEKLFF	TRBJ01	IPSINVHHY	CMV	0.68	4e-05
TRBV03	CASRQNTEAFF	TRBJ01	YVLDHLIVV	EBV	0.58	4e-05
TRBV12	CASSLGNTEAFF	TRBJ01	TPQDLNTML	HIV	0.55	4e-05
TRBV12	CASSLGPNEQFF	TRBJ02	TPQDLNTML	HIV	0.55	4e-05
TRBV07	CASSGQETQYF	TRBJ02	TPQDLNTML	HIV	0.55	4e-05
TRBV06	CASSYSGELFF	TRBJ02	KLVALGINAV	HCV	0.81	5e-05
TRBV05	CASSPGGELFF	TRBJ02	KLVALGINAV	HCV	0.8	5e-05
TRBV29-01	CSVGALGTNEKLFF	TRBJ01	GLCTLVAML	EBV	0.79	5e-05
TRBV05	CASSLGRGYEQYF	TRBJ02	GLCTLVAML	EBV	0.78	5e-05
TRBV29-01	CSVGGSFYGYTF	TRBJ01	GLCTLVAML	EBV	0.77	5e-05
TRBV05	CASSLGAYEQYF	TRBJ02	AMFWSVPTV	Melanoma	0.77	5e-05
TRBV07	CASSLGGYEQYF	TRBJ02	GLCTLVAML	EBV	0.76	5e-05
TRBV11	CASSPSGRGNEQFF	TRBJ02	TPGPGVRYPL	HIV	0.76	5e-05
TRBV05	CASSPRGGQETQYF	TRBJ02	TPGPGVRYPL	HIV	0.76	5e-05
TRBV03	CASSPEGRGNEQFF	TRBJ02	TPGPGVRYPL	HIV	0.75	5e-05
TRBV25-01	CASSESGRGETQYF	TRBJ02	TPGPGVRYPL	HIV	0.75	5e-05
TRBV07	CASSPDRFGEQYF	TRBJ02	SFHSLHLLF	HTLV1	0.74	5e-05
TRBV07	CASSPDREETQYF	TRBJ02	SFHSLHLLF	HTLV1	0.73	5e-05
TRBV11	CASSFTDTQYF	TRBJ02	NLVPMVATV	CMV	0.72	5e-05
TRBV12	CASSPSGRRNEQFF	TRBJ02	TPGPGVRYPL	HIV	0.72	5e-05
TRBV29-01	CSVDRENTGELFF	TRBJ02	NLVPMVATV	CMV	0.71	5e-05
TRBV07	CASSLSGELFF	TRBJ02	NLVPMVATV	CMV	0.7	5e-05
TRBV05	CASSLGAYEQYF	TRBJ02	NLVPMVATV	CMV	0.7	5e-05
TRBV07	CASSLWTGDGDTQYF	TRBJ02	FPRPWLHGL	HIV	0.62	5e-05
TRBV07	CASSLYGGEQETQYF	TRBJ02	FPRPWLHGL	HIV	0.62	5e-05
TRBV07	CASSTNEAFF	TRBJ01	ISPRTLNAW	HIV	0.62	5e-05
TRBV11	CASSSGNTEAFF	TRBJ01	YVLDHLIVV	EBV	0.57	5e-05
TRBV03	CASSNLLGTGGTQYF	TRBJ02	YVLDHLIVV	EBV	0.57	5e-05
TRBV25-01	CASSGDRGYEQYF	TRBJ02	RYPLTFGWCF	HIV	0.48	5e-05
TRBV12	CASSSGGLGQPQHF	TRBJ01	EAAGIGILTV	Melanoma	0.87	6e-05
TRBV12	CASSYTGELFF	TRBJ02	KLVALGINAV	HCV	0.79	6e-05
TRBV05	CASSYTGELFF	TRBJ02	KLVALGINAV	HCV	0.79	6e-05
TRBV07	CASSLGNTEAFF	TRBJ01	GLCTLVAML	EBV	0.74	6e-05
TRBV29-01	CSVSGGSSYEQYF	TRBJ02	YSEHPTFTSQY	CMV	0.73	6e-05
TRBV29-01	CSVYTGETYEQYF	TRBJ02	YSEHPTFTSQY	CMV	0.73	6e-05
TRBV29-01	CSVGGGSYEQYF	TRBJ02	YSEHPTFTSQY	CMV	0.72	6e-05
TRBV29-01	CSVGTSSYEQYF	TRBJ02	YSEHPTFTSQY	CMV	0.72	6e-05
TRBV05	CASSLGTGARTEAFF	TRBJ01	EIYKRWII	HIV	0.72	6e-05
TRBV07	CASSPPRGNEQFF	TRBJ02	SFHSLHLLF	HTLV1	0.71	6e-05
TRBV20-01	CSATDREYEQYF	TRBJ02	ELAGIGILTV	Melanoma	0.71	6e-05
TRBV07	CASSLDRGHEQFF	TRBJ02	SFHSLHLLF	HTLV1	0.7	6e-05
TRBV07	CASSPDRPYEQYF	TRBJ02	SFHSLHLLF	HTLV1	0.7	6e-05
TRBV07	CASSLVGVSSYNEQFF	TRBJ02	TPRVTGGGAM	CMV	0.67	6e-05
TRBV12	CASSTGTSEKLFF	TRBJ01	CINGVCWTV	HCV	0.67	6e-05
TRBV04	CASSQEGLAGTYEQYF	TRBJ02	CINGVCWTV	HCV	0.67	6e-05
TRBV05	CASSLGSDTEAFF	TRBJ01	CINGVCWTV	HCV	0.67	6e-05
TRBV04	CASSQEKDTEAFF	TRBJ01	CINGVCWTV	HCV	0.66	6e-05
TRBV07	CASSLFPGPEETQYF	TRBJ02	FPRPWLHGL	HIV	0.61	6e-05
TRBV07	CASSFTSGGETQYF	TRBJ02	QYDPVAALF	CMV	0.6	6e-05
TRBV12	CASSSTGTGGTEAFF	TRBJ01	QYDPVAALF	CMV	0.6	6e-05
TRBV12	CASSMIAGTGGFNSNQPQHF	TRBJ01	FLKEKGGL	HIV	0.59	6e-05
TRBV04	CASSNLLGYNEQFF	TRBJ02	YVLDHLIVV	EBV	0.55	6e-05
TRBV12	CASSLGGQLNEQFF	TRBJ02	ATDALMTGY	HCV	0.79	7e-05
TRBV04	CASSQGALSNEQFF	TRBJ02	KRWIILGLNK	HIV	0.72	7e-05
TRBV07	CASSLDRGEQYF	TRBJ02	KRWIILGLNK	HIV	0.72	7e-05
TRBV07	CASSLDSYEQYF	TRBJ02	KRWIILGLNK	HIV	0.72	7e-05
TRBV07	CASSSDNNEQFF	TRBJ02	KRWIILGLNK	HIV	0.71	7e-05
TRBV29-01	CSVEGTYNEQFF	TRBJ02	GLCTLVAML	EBV	0.7	7e-05
TRBV07	CASSLVGTEAFF	TRBJ01	GLCTLVAML	EBV	0.7	7e-05
TRBV10	CAISESYEQYF	TRBJ02	NLVPMVATV	CMV	0.69	7e-05
TRBV05	CASSLNYEQYF	TRBJ02	NLVPMVATV	CMV	0.69	7e-05
TRBV29-01	CSVGGGTEAFF	TRBJ01	RAKFKQLL	EBV	0.68	7e-05
TRBV12	CASSPLTGPNEKLFF	TRBJ01	IPSINVHHY	CMV	0.65	7e-05
TRBV04	CASSHLDSPNEKLFF	TRBJ01	IPSINVHHY	CMV	0.65	7e-05
TRBV04	CASSQATGGFYNEQFF	TRBJ02	IVTDFSVIK	EBV	0.61	7e-05
TRBV07	CASSLSTDTQYF	TRBJ02	QYDPVAALF	CMV	0.58	7e-05
TRBV05	CASSSSGGGTEAFF	TRBJ01	QYDPVAALF	CMV	0.58	7e-05
TRBV05	CASSKDRGAGNTIYF	TRBJ01	QVPLRPMTYK	HIV	0.5	7e-05
TRBV11	CASSLGQGTYEQYF	TRBJ02	GTSGSPIVNR	DENV1	0.8	8e-05
TRBV04	CASSQHTGELFF	TRBJ02	HPVGEADYFEY	EBV	0.75	8e-05
TRBV29-01	CSVEPGDTEAFF	TRBJ01	YSEHPTFTSQY	CMV	0.71	8e-05
TRBV29-01	CSVGGLSSYEQYF	TRBJ02	YSEHPTFTSQY	CMV	0.71	8e-05
TRBV29-01	CSVDGTYNEQFF	TRBJ02	GLCTLVAML	EBV	0.69	8e-05
TRBV29-01	CSAGSGATNEKLFF	TRBJ01	GLCTLVAML	EBV	0.69	8e-05
TRBV20-01	CSARQGDTEAFF	TRBJ01	NLVPMVATV	CMV	0.68	8e-05
TRBV29-01	CSVPGTAYNEQFF	TRBJ02	GLCTLVAML	EBV	0.68	8e-05
TRBV07	CASSLDRNNEQFF	TRBJ02	SFHSLHLLF	HTLV1	0.67	8e-05
TRBV04	CASSPDRADTQYF	TRBJ02	SFHSLHLLF	HTLV1	0.66	8e-05
TRBV07	CASSLVGQGMYNEQFF	TRBJ02	TPRVTGGGAM	CMV	0.65	8e-05
TRBV07	CASSLVGEGSYNEQFF	TRBJ02	TPRVTGGGAM	CMV	0.65	8e-05
TRBV04	CASSQVFSAGEYEQYF	TRBJ02	CINGVCWTV	HCV	0.65	8e-05
TRBV04	CASSQDTAGYSYEQYF	TRBJ02	CINGVCWTV	HCV	0.65	8e-05
TRBV07	CASSGGGTDTQYF	TRBJ02	GTSGSPIIDK	DENV2	0.62	8e-05
TRBV12	CASSLNNEQFF	TRBJ02	ISPRTLNAW	HIV	0.61	8e-05
TRBV12	CASSLSGTDTQYF	TRBJ02	GTSGSPIIDK	DENV2	0.6	8e-05
TRBV07	CASKGGSGNIQYF	TRBJ02	GTSGSPIIDK	DENV2	0.6	8e-05
TRBV07	CASSLGGGPQETQYF	TRBJ02	GTSGSPIIDK	DENV2	0.59	8e-05
TRBV07	CASSSTGQGTEAFF	TRBJ01	QYDPVAALF	CMV	0.57	8e-05
TRBV07	CASSSDGDTQYF	TRBJ02	QYDPVAALF	CMV	0.57	8e-05
TRBV06	CASRQNTEAFF	TRBJ01	YVLDHLIVV	EBV	0.53	8e-05
TRBV12	CASSFGNTEAFF	TRBJ01	TPQDLNTML	HIV	0.53	8e-05
TRBV24-01	CATREPNTGELFF	TRBJ02	TPQDLNTML	HIV	0.52	8e-05
TRBV12	CASSLGTGAVFF	TRBJ02	TPQDLNTML	HIV	0.52	8e-05
TRBV12	CASSLGLDEQFF	TRBJ02	TPQDLNTML	HIV	0.52	8e-05
TRBV07	CASSSTGELFF	TRBJ02	KLVALGINAV	HCV	0.78	9e-05
TRBV25-01	CASSEGIGYTF	TRBJ01	KLVALGINAV	HCV	0.78	9e-05
TRBV04	CASSQEGGLGQPQHF	TRBJ01	EAAGIGILTV	Melanoma	0.78	9e-05
TRBV04	CASSPTGVGQPQHF	TRBJ01	EAAGIGILTV	Melanoma	0.77	9e-05
TRBV05	CASSLEAGLNTEAFF	TRBJ01	AMFWSVPTV	Melanoma	0.76	9e-05
TRBV04	CASSQAWGEQFF	TRBJ02	HPVGEADYFEY	EBV	0.71	9e-05
TRBV07	CASSPITGELFF	TRBJ02	KRWIILGLNK	HIV	0.68	9e-05
TRBV20-01	CSTRDSVGNTIYF	TRBJ01	GLCTLVAML	EBV	0.67	9e-05
TRBV11	CASSLGNTEAFF	TRBJ01	GLCTLVAML	EBV	0.67	9e-05
TRBV07	CASSLGTGDEQYF	TRBJ02	GLCTLVAML	EBV	0.67	9e-05
TRBV12	CASSFDRNTGELFF	TRBJ02	RLRPGGKKK	HIV	0.67	9e-05
TRBV05	CASTPGWGGNEQFF	TRBJ02	RLRPGGKKK	HIV	0.67	9e-05
TRBV04	CASSQDRGNEQFF	TRBJ02	GLCTLVAML	EBV	0.66	9e-05
TRBV20-01	CSARTSGTYEQYF	TRBJ02	GLCTLVAML	EBV	0.66	9e-05
TRBV04	CASSQAPGNEQFF	TRBJ02	GLCTLVAML	EBV	0.66	9e-05
TRBV07	CASSWDSGAEAFF	TRBJ01	ARMILMTHF	HCV	0.65	9e-05
TRBV05	CASSFEGGSYEQYF	TRBJ02	ARMILMTHF	HCV	0.65	9e-05
TRBV29-01	CSVGRNTGELFF	TRBJ02	ELAGIGILTV	Melanoma	0.65	9e-05
TRBV04	CASSQETGLGSYEQYF	TRBJ02	CINGVCWTV	HCV	0.64	9e-05
TRBV03	CASSQELLAGNYEQYF	TRBJ02	CINGVCWTV	HCV	0.64	9e-05
TRBV07	CASSPSSRTDTQYF	TRBJ02	QYDPVAALF	CMV	0.56	9e-05
TRBV07	CASPGSLSSTDTQYF	TRBJ02	QYDPVAALF	CMV	0.56	9e-05
TRBV12	CASSLLAGLVETQYF	TRBJ02	FLKEKGGL	HIV	0.56	9e-05
TRBV29-01	CSVEAGTYEQFF	TRBJ02	LPRRSGAAGA	Influenza	0.8	0.0001
TRBV05	CASSLGGYEQYF	TRBJ02	AMFWSVPTV	Melanoma	0.75	0.0001
TRBV04	CASSPTGVGQPQHF	TRBJ01	LLLGIGILV	Multiple Myeloma	0.69	0.0001
TRBV05	CASSLPGFGQPQHF	TRBJ01	LLLGIGILV	Multiple Myeloma	0.68	0.0001
TRBV11	CASSLYNEQFF	TRBJ02	NLVPMVATV	CMV	0.67	0.0001
TRBV10	CASSASYEQYF	TRBJ02	NLVPMVATV	CMV	0.67	0.0001
TRBV07	CASSWDSNEQFF	TRBJ02	KRWIILGLNK	HIV	0.67	0.0001
TRBV07	CASSVGTGSTGELFF	TRBJ02	GTSGSPIIDK	DENV2	0.58	0.0001
TRBV07	CASSSSIQTTDTQYF	TRBJ02	QYDPVAALF	CMV	0.55	0.0001
TRBV05	CASSSDSTDTQYF	TRBJ02	QYDPVAALF	CMV	0.54	0.0001
TRBV05	CASSLSEQGTQYF	TRBJ02	QYDPVAALF	CMV	0.54	0.0001
TRBV07	CASSLASRTDTQYF	TRBJ02	QYDPVAALF	CMV	0.54	0.0001
TRBV20-01	CSASPTYNEQFF	TRBJ02	YVLDHLIVV	EBV	0.52	0.0001
TRBV25-01	CASSGSGELFF	TRBJ02	KLVALGINAV	HCV	0.91	0.0
TRBV29-01	CSVMGGTYEQYF	TRBJ02	YSEHPTFTSQY	CMV	0.82	0.0
TRBV05	CASITNNEQFF	TRBJ02	ISPRTLNAW	HIV	0.65	0.0
TRBV07	CASSLTEQFF	TRBJ02	ISPRTLNAW	HIV	0.65	0.0
TRBV07	CASSTNTEAFF	TRBJ01	ISPRTLNAW	HIV	0.64	0.0
TRBV05	CASSKYNEQFF	TRBJ02	QVPLRPMTYK	HIV	0.56	1e-05
TRBV25-01	CASSQETQYF	TRBJ02	KLVALGINAV	HCV	0.83	2e-05
TRBV04	CASSGYEQYF	TRBJ02	ISPRTLNAW	HIV	0.63	2e-05
TRBV29-01	CSVEEGAYEQYF	TRBJ02	VTEHDTLLY	CMV	0.65	3e-05
TRBV06	CASSYGGELFF	TRBJ02	KLVALGINAV	HCV	0.81	5e-05
TRBV25-01	CASSAGDTQYF	TRBJ02	KLVALGINAV	HCV	0.8	5e-05
TRBV25-01	CASLEGGGYTF	TRBJ01	IIKDYGKQM	HIV	0.65	5e-05
TRBV29-01	CSTGQGNTEAFF	TRBJ01	RAKFKQLL	EBV	0.69	6e-05
TRBV07	CASSFYEQYF	TRBJ02	ISPRTLNAW	HIV	0.61	8e-05
TRBV05	CASSLGGYEQYF	TRBJ02	AMFWSVPTV	Melanoma	0.75	0.0001
TRBV07	CASSLGGAEQYF	TRBJ02	AMFWSVPTV	Melanoma	0.74	0.0001
TRBV20-01	CSARDSYEQYF	TRBJ02	EIYKRWII	HIV	0.91	0.0
TRBV25-01	CASSAGEQYF	TRBJ02	KLVALGINAV	HCV	0.89	0.0
TRBV07	CASSLVGAQLDEQYF	TRBJ02	ATDALMTGY	HCV	0.86	0.0
TRBV25-01	CASSAGTTNTGELFF	TRBJ02	ATDALMTGY	HCV	0.86	0.0
TRBV12	CASSPRGGGETQYF	TRBJ02	TPGPGVRYPL	HIV	0.84	0.0
TRBV05	CASSSGTSGYEQYF	TRBJ02	QIKVRVKMV	CMV	0.82	0.0
TRBV29-01	CSVEGGTYEQYF	TRBJ02	YSEHPTFTSQY	CMV	0.8	0.0
TRBV07	CASRGGDTGELFF	TRBJ02	HPKVSSEVHI	HIV	0.72	0.0
TRBV29-01	CSVRASGNYGYTF	TRBJ01	QIKVRVKMV	CMV	0.66	0.0
TRBV07	CASSLTEQFF	TRBJ02	ISPRTLNAW	HIV	0.65	0.0
TRBV07	CASSFLTGGTGELFF	TRBJ02	ISPRTLNAW	HIV	0.64	0.0
TRBV07	CASSEGTTNTGELFF	TRBJ02	ARMILMTHF	HCV	0.81	1e-05
TRBV07	CASSLASNEQFF	TRBJ02	ARMILMTHF	HCV	0.77	1e-05
TRBV29-01	CSVPDRDTEAFF	TRBJ01	YSEHPTFTSQY	CMV	0.76	1e-05
TRBV07	CASSLGGGIQETQYF	TRBJ02	GTSGSPIIDK	DENV2	0.76	1e-05
TRBV04	CASSQGGGTEAFF	TRBJ01	CINGVCWTV	HCV	0.73	1e-05
TRBV07	CASSLGGGFQETQYF	TRBJ02	GTSGSPIIDK	DENV2	0.72	1e-05
TRBV03	CASSQDMGDPTLYSNQPQHF	TRBJ01	FLKEKGGL	HIV	0.7	1e-05
TRBV11	CASSSTGGGTEAFF	TRBJ01	QYDPVAALF	CMV	0.64	1e-05
TRBV12	CASSLAGNTIYF	TRBJ01	TPQDLNTML	HIV	0.6	1e-05
TRBV12	CASSLGLNEQFF	TRBJ02	TPQDLNTML	HIV	0.59	1e-05
TRBV10	CASSESRGSGNTIYF	TRBJ01	QVPLRPMTYK	HIV	0.56	1e-05
TRBV05	CASSQRDNSQETQYF	TRBJ02	RYPLTFGWCF	HIV	0.51	1e-05
TRBV11	CASSDPGQGYGYTF	TRBJ01	RYPLTFGWCF	HIV	0.51	1e-05
TRBV04	CASSQDGGNEQFF	TRBJ02	GLCTLVAML	EBV	0.93	2e-05
TRBV05	CASSLAGGYEQYF	TRBJ02	AMFWSVPTV	Melanoma	0.81	2e-05
TRBV07	CASSLGAYEQYF	TRBJ02	AMFWSVPTV	Melanoma	0.81	2e-05
TRBV12	CASSLAGGYEQYF	TRBJ02	AMFWSVPTV	Melanoma	0.8	2e-05
TRBV10	CASSPNTGELFF	TRBJ02	NLVPMVATV	CMV	0.77	2e-05
TRBV07	CASSSSYEQYF	TRBJ02	NLVPMVATV	CMV	0.77	2e-05
TRBV29-01	CSVSGSTYEQYF	TRBJ02	YSEHPTFTSQY	CMV	0.74	2e-05
TRBV06	CASRTGGDETQYF	TRBJ02	IIKDYGKQM	HIV	0.7	2e-05
TRBV07	CASSLWGGVTDTQYF	TRBJ02	FPRPWLHGL	HIV	0.69	2e-05
TRBV07	CASSLYSGSYNEQFF	TRBJ02	FPRPWLHGL	HIV	0.69	2e-05
TRBV05	CASSLDSTDTQYF	TRBJ02	QYDPVAALF	CMV	0.63	2e-05
TRBV06	CASTPLLGSGYGYTF	TRBJ01	YVLDHLIVV	EBV	0.61	2e-05
TRBV12	CASSLGPTAGYTF	TRBJ01	HPKVSSEVHI	HIV	0.61	2e-05
TRBV07	CASSLGPRYEQYF	TRBJ02	HPKVSSEVHI	HIV	0.61	2e-05
TRBV07	CASSLGGGYQETQYF	TRBJ02	GTSGSPIINR	DENV3/4	0.86	3e-05
TRBV25-01	CASSLGTEAFF	TRBJ01	KLVALGINAV	HCV	0.82	3e-05
TRBV07	CASSLDRGEQYF	TRBJ02	NLVPMVATV	CMV	0.76	3e-05
TRBV07	CASSLGPEAFF	TRBJ01	NLVPMVATV	CMV	0.76	3e-05
TRBV20-01	CSARQGYEQYF	TRBJ02	EIYKRWII	HIV	0.76	3e-05
TRBV25-01	CASSAGTTNTGELFF	TRBJ02	ARMILMTHF	HCV	0.72	3e-05
TRBV06	CASRDTGGDTQYF	TRBJ02	IIKDYGKQM	HIV	0.68	3e-05
TRBV07	CASSLGQGSNYGYTF	TRBJ01	IVTDFSVIK	EBV	0.67	3e-05
TRBV07	CASSLAQGYEQYF	TRBJ02	VTEHDTLLY	CMV	0.65	3e-05
TRBV07	CASSLYSGRADEQFF	TRBJ02	FPRPWLHGL	HIV	0.65	3e-05
TRBV07	CASSLYGGSTDTQYF	TRBJ02	FPRPWLHGL	HIV	0.65	3e-05
TRBV07	CASSLFSGSTDTQYF	TRBJ02	FPRPWLHGL	HIV	0.64	3e-05
TRBV07	CASSLWQGSQETQYF	TRBJ02	FPRPWLHGL	HIV	0.64	3e-05
TRBV07	CASSLGGGFQETQYF	TRBJ02	GTSGSPIINR	DENV3/4	0.85	4e-05
TRBV07	CASSLGGGIQETQYF	TRBJ02	GTSGSPIINR	DENV3/4	0.85	4e-05
TRBV07	CASSPDRVYEQYF	TRBJ02	SFHSLHLLF	HTLV1	0.78	4e-05
TRBV11	CASSLDTEPNEKLFF	TRBJ01	IPSINVHHY	CMV	0.68	4e-05
TRBV05	CASSLVENTEAFF	TRBJ01	CINGVCWTV	HCV	0.68	4e-05
TRBV07	CASSLQGTGELFF	TRBJ02	CINGVCWTV	HCV	0.68	4e-05
TRBV07	CASSLSGTDTQYF	TRBJ02	GTSGSPIIDK	DENV2	0.67	4e-05
TRBV07	CASSLGGGYQETQYF	TRBJ02	GTSGSPIIDK	DENV2	0.65	4e-05
TRBV25-01	CASSEWGVDTQYF	TRBJ02	RPRGEVRFL	HSV2	0.65	4e-05
TRBV12	CASSLLAGVGNEQFF	TRBJ02	FLKEKGGL	HIV	0.62	4e-05
TRBV29-01	CSARTDTGNTIYF	TRBJ01	GLCTLVAML	EBV	0.79	5e-05
TRBV05	CASSLGRGYEQYF	TRBJ02	GLCTLVAML	EBV	0.78	5e-05
TRBV07	CASSLAGGEQYF	TRBJ02	AMFWSVPTV	Melanoma	0.77	5e-05
TRBV07	CASSPRGRGEEQFF	TRBJ02	TPGPGVRYPL	HIV	0.74	5e-05
TRBV07	CASSLERYEQYF	TRBJ02	NLVPMVATV	CMV	0.72	5e-05
TRBV07	CASSSGGEQYF	TRBJ02	NLVPMVATV	CMV	0.72	5e-05
TRBV06	CASSPSGRANEQFF	TRBJ02	TPGPGVRYPL	HIV	0.72	5e-05
TRBV29-01	CSVEVNTEAFF	TRBJ01	NLVPMVATV	CMV	0.71	5e-05
TRBV05	CASSLEASGSSYNEQFF	TRBJ02	NLVPMVATV	CMV	0.71	5e-05
TRBV04	CASSRRGTGELFF	TRBJ02	NLVPMVATV	CMV	0.7	5e-05
TRBV29-01	CSVGGSTDTQYF	TRBJ02	VTEHDTLLY	CMV	0.64	5e-05
TRBV07	CASSLYAGGLETQYF	TRBJ02	FPRPWLHGL	HIV	0.62	5e-05
TRBV07	CASSLFGGSTDTQYF	TRBJ02	FPRPWLHGL	HIV	0.62	5e-05
TRBV07	CASSLFSGSHNEQFF	TRBJ02	FPRPWLHGL	HIV	0.62	5e-05
TRBV07	CASGIYEQYF	TRBJ02	ISPRTLNAW	HIV	0.62	5e-05
TRBV05	CASQGTLGLGETQYF	TRBJ02	YVLDHLIVV	EBV	0.56	5e-05
TRBV07	CASSTDRTYEQYF	TRBJ02	RYPLTFGWCF	HIV	0.48	5e-05
TRBV06	CASSTRDSQETQYF	TRBJ02	RYPLTFGWCF	HIV	0.48	5e-05
TRBV25-01	CASSSPGELFF	TRBJ02	KLVALGINAV	HCV	0.79	6e-05
TRBV25-01	CASSGDTQYF	TRBJ02	KLVALGINAV	HCV	0.79	6e-05
TRBV07	CASSGNTGELFF	TRBJ02	KRWIILGLNK	HIV	0.76	6e-05
TRBV29-01	CSVVGRGYEQYF	TRBJ02	YSEHPTFTSQY	CMV	0.72	6e-05
TRBV04	CASSQVVSGYSYEQYF	TRBJ02	CINGVCWTV	HCV	0.67	6e-05
TRBV07	CASSLFGGDHETQYF	TRBJ02	FPRPWLHGL	HIV	0.61	6e-05
TRBV25-01	CASSELGGLFNEQFF	TRBJ02	FLKEKGGL	HIV	0.6	6e-05
TRBV07	CASSLFGGSGETQYF	TRBJ02	FPRPWLHGL	HIV	0.6	6e-05
TRBV29-01	CSGWAGTGPYNEQFF	TRBJ02	QIKVRVKMV	CMV	0.52	6e-05
TRBV07	CASSLWTGYNEQFF	TRBJ02	QIKVRVKMV	CMV	0.52	6e-05
TRBV05	CASSSSGQLETQYF	TRBJ02	ATDALMTGY	HCV	0.8	7e-05
TRBV07	CASSLDRGEQYF	TRBJ02	KRWIILGLNK	HIV	0.72	7e-05
TRBV07	CASSFDHNEQFF	TRBJ02	KRWIILGLNK	HIV	0.71	7e-05
TRBV04	CASSQVLDTEAFF	TRBJ01	GLCTLVAML	EBV	0.7	7e-05
TRBV07	CASSLVGTEAFF	TRBJ01	GLCTLVAML	EBV	0.7	7e-05
TRBV20-01	CSARLGRSYEQYF	TRBJ02	NLVPMVATV	CMV	0.69	7e-05
TRBV10	CAISESYEQYF	TRBJ02	NLVPMVATV	CMV	0.69	7e-05
TRBV07	CASSLGQGDGYTF	TRBJ01	ELAGIGILTV	Melanoma	0.67	7e-05
TRBV07	CASSPSTGELFF	TRBJ02	ELAGIGILTV	Melanoma	0.67	7e-05
TRBV07	CASRQTGWGTDTQYF	TRBJ02	RPRGEVRFL	HSV2	0.63	7e-05
TRBV11	CASSPIAGGFYNEQFF	TRBJ02	IVTDFSVIK	EBV	0.61	7e-05
TRBV11	CASSLDSTDTQYF	TRBJ02	QYDPVAALF	CMV	0.59	7e-05
TRBV07	CASSFSGSRTDTQYF	TRBJ02	QYDPVAALF	CMV	0.59	7e-05
TRBV05	CASSFDDTDTQYF	TRBJ02	QYDPVAALF	CMV	0.58	7e-05
TRBV21-01	CASSATPGQGSADARNQPQHF	TRBJ01	FLKEKGGL	HIV	0.58	7e-05
TRBV06	CASSAYKNTGELFF	TRBJ02	QVPLRPMTYK	HIV	0.5	7e-05
TRBV05	CASSLYNEQFF	TRBJ02	NLVPMVATV	CMV	0.68	8e-05
TRBV07	CASSLGEGYEQYF	TRBJ02	GLCTLVAML	EBV	0.68	8e-05
TRBV29-01	CSVEAAYNEQFF	TRBJ02	GLCTLVAML	EBV	0.68	8e-05
TRBV10	CASSVGWGRTEAFF	TRBJ01	RLRPGGKKK	HIV	0.68	8e-05
TRBV07	CASSSRDRGAYEQYF	TRBJ02	TPRVTGGGAM	CMV	0.65	8e-05
TRBV04	CASSQEPSAGGPGEQFF	TRBJ02	CINGVCWTV	HCV	0.65	8e-05
TRBV04	CASSRGTEPNEKLFF	TRBJ01	IPSINVHHY	CMV	0.64	8e-05
TRBV07	CASRPMGGGTEAFF	TRBJ01	RPRGEVRFL	HSV2	0.62	8e-05
TRBV12	CASSLGSGTQETQYF	TRBJ02	GTSGSPIIDK	DENV2	0.6	8e-05
TRBV07	CASSGGSTDTQYF	TRBJ02	GTSGSPIIDK	DENV2	0.59	8e-05
TRBV07	CASSLGGGPQETQYF	TRBJ02	GTSGSPIIDK	DENV2	0.59	8e-05
TRBV07	CASSLTGTGPDTQYF	TRBJ02	QYDPVAALF	CMV	0.57	8e-05
TRBV07	CASTSLSGATQYF	TRBJ02	QYDPVAALF	CMV	0.57	8e-05
TRBV10	CASRGSVSSTDTQYF	TRBJ02	QYDPVAALF	CMV	0.57	8e-05
TRBV07	CASSLLAGVTDTQYF	TRBJ02	FLKEKGGL	HIV	0.57	8e-05
TRBV12	CASSLVINTIYF	TRBJ01	TPQDLNTML	HIV	0.53	8e-05
TRBV11	CASSGTYGYTF	TRBJ01	KAFSPEVIPMF	HIV	0.92	9e-05
TRBV25-01	CASSLGDTQYF	TRBJ02	KLVALGINAV	HCV	0.78	9e-05
TRBV06	CASSYQGIGQPQHF	TRBJ01	EAAGIGILTV	Melanoma	0.78	9e-05
TRBV11	CASSLGGYEQYF	TRBJ02	AMFWSVPTV	Melanoma	0.76	9e-05
TRBV05	CASSLAGYEQYF	TRBJ02	AMFWSVPTV	Melanoma	0.76	9e-05
TRBV04	CASSGHTGELFF	TRBJ02	HPVGEADYFEY	EBV	0.73	9e-05
TRBV04	CASSQTTGELFF	TRBJ02	HPVGEADYFEY	EBV	0.73	9e-05
TRBV29-01	CSIRDSYEQYF	TRBJ02	EIYKRWII	HIV	0.71	9e-05
TRBV25-01	CASSAPTGELFF	TRBJ02	HPVGEADYFEY	EBV	0.7	9e-05
TRBV10	CASSQYTGELFF	TRBJ02	KRWIILGLNK	HIV	0.68	9e-05
TRBV07	CASSFSGDEQFF	TRBJ02	ELAGIGILTV	Melanoma	0.65	9e-05
TRBV05	CASSLGGSTEAFF	TRBJ01	CINGVCWTV	HCV	0.64	9e-05
TRBV07	CASSLGRGVTGELFF	TRBJ02	FLKEKGGL	HIV	0.56	9e-05
TRBV05	CASSFLGGLNTEAFF	TRBJ01	AMFWSVPTV	Melanoma	0.75	0.0001
TRBV07	CASSLLAGGLETQYF	TRBJ02	AMFWSVPTV	Melanoma	0.74	0.0001
TRBV12	CASSLGAYEQYF	TRBJ02	AMFWSVPTV	Melanoma	0.74	0.0001
TRBV07	CASSILAGGLETQYF	TRBJ02	AMFWSVPTV	Melanoma	0.74	0.0001
TRBV07	CASSLVVLGQPQHF	TRBJ01	LLLGIGILV	Multiple Myeloma	0.69	0.0001
TRBV05	CASSWGTGTGELFF	TRBJ02	NLVPMVATV	CMV	0.67	0.0001
TRBV05	CASSFYRGGDEQFF	TRBJ02	ARMILMTHF	HCV	0.64	0.0001
TRBV07	CASSLGVDEQFF	TRBJ02	VTEHDTLLY	CMV	0.62	0.0001
TRBV05	CASSLSTDTQYF	TRBJ02	QYDPVAALF	CMV	0.55	0.0001
TRBV07	CASSAGTSGGGTDTQYF	TRBJ02	QYDPVAALF	CMV	0.55	0.0001
TRBV07	CASSLGGGDSTDTQYF	TRBJ02	QYDPVAALF	CMV	0.55	0.0001
TRBV07	CASSSLSGGGTEAFF	TRBJ01	QYDPVAALF	CMV	0.55	0.0001
TRBV07	CASSLSSRDTDTQYF	TRBJ02	QYDPVAALF	CMV	0.54	0.0001
TRBV07	CASSLTSGTGTEAFF	TRBJ01	QYDPVAALF	CMV	0.54	0.0001
TRBV07	CASSLGSGGGSTDTQYF	TRBJ02	QYDPVAALF	CMV	0.54	0.0001
TRBV20-01	CSASPPTLNEQFF	TRBJ02	YVLDHLIVV	EBV	0.52	0.0001
TRBV29-01	CSVGTGDYEQYF	TRBJ02	RAKFKQLL	EBV	0.93	0.0
TRBV07	CASSLGGLGQPQHF	TRBJ01	LLLGIGILV	Multiple Myeloma	0.9	0.0
TRBV07	CASSSANYGYTF	TRBJ01	NLVPMVATV	CMV	0.88	0.0
TRBV03	CASSQVGQLDTQYF	TRBJ02	ATDALMTGY	HCV	0.88	0.0
TRBV07	CASSLGDTEAFF	TRBJ01	NLVPMVATV	CMV	0.85	0.0
TRBV25-01	CASNSGAEAFF	TRBJ01	KLVALGINAV	HCV	0.85	0.0
TRBV04	CASSQEGAGAPYEQYF	TRBJ02	CINGVCWTV	HCV	0.84	0.0
TRBV05	CASSLGWGNTEAFF	TRBJ01	RLRPGGKKK	HIV	0.83	0.0
TRBV05	CASSPNTGELFF	TRBJ02	NLVPMVATV	CMV	0.82	0.0
TRBV24-01	CATSDSYEQYF	TRBJ02	IIKDYGKQM	HIV	0.73	0.0
TRBV12	CASSLGGNTIYF	TRBJ01	TPQDLNTML	HIV	0.69	0.0
TRBV05	CASSLNNEQFF	TRBJ02	ISPRTLNAW	HIV	0.66	0.0
TRBV25-01	CASSPYEQYF	TRBJ02	ISPRTLNAW	HIV	0.65	0.0
TRBV12	CASSLGLTEAFF	TRBJ01	TPQDLNTML	HIV	0.63	0.0
TRBV04	CASSPQGLGQPQHF	TRBJ01	EAAGIGILTV	Melanoma	0.97	1e-05
TRBV03	CASSQGGLGQPQHF	TRBJ01	LLLGIGILV	Multiple Myeloma	0.85	1e-05
TRBV04	CASSQEGRVDEQFF	TRBJ02	TPGPGVRYPL	HIV	0.81	1e-05
TRBV04	CASSQGAQGAPYEQYF	TRBJ02	CINGVCWTV	HCV	0.8	1e-05
TRBV20-01	CSARADYEQYF	TRBJ02	EIYKRWII	HIV	0.8	1e-05
TRBV04	CASSQEGTGTSYEQYF	TRBJ02	CINGVCWTV	HCV	0.79	1e-05
TRBV07	CASSLWGGGDNEQFF	TRBJ02	FPRPWLHGL	HIV	0.79	1e-05
TRBV29-01	CSVEGGASYEQYF	TRBJ02	YSEHPTFTSQY	CMV	0.77	1e-05
TRBV29-01	CSVETGSYEQYF	TRBJ02	YSEHPTFTSQY	CMV	0.77	1e-05
TRBV29-01	CSVGTGSYEQYF	TRBJ02	YSEHPTFTSQY	CMV	0.76	1e-05
TRBV04	CASSQETSVYSYEQYF	TRBJ02	CINGVCWTV	HCV	0.75	1e-05
TRBV04	CASSQEASGTSYEQYF	TRBJ02	CINGVCWTV	HCV	0.74	1e-05
TRBV04	CASSQEGSGGSYEQYF	TRBJ02	CINGVCWTV	HCV	0.74	1e-05
TRBV07	CASSLDTDTQYF	TRBJ02	QYDPVAALF	CMV	0.71	1e-05
TRBV12	CASSLGVTEAFF	TRBJ01	TPQDLNTML	HIV	0.59	1e-05
TRBV04	CASSQEGVGGGQPQHF	TRBJ01	TPQDLNTML	HIV	0.58	1e-05
TRBV12	CASSLGPPEAFF	TRBJ01	TPQDLNTML	HIV	0.58	1e-05
TRBV05	CASSLEGFTDTQYF	TRBJ02	QIKVRVKMV	CMV	0.56	1e-05
TRBV07	CASSSRDSQETQYF	TRBJ02	RYPLTFGWCF	HIV	0.56	1e-05
TRBV12	CASGLGTGEAFF	TRBJ01	TPQDLNTML	HIV	0.56	1e-05
TRBV12	CASSFGGTEAFF	TRBJ01	TPQDLNTML	HIV	0.56	1e-05
TRBV03	CASSPSGGEGLYEQYF	TRBJ02	RYPLTFGWCF	HIV	0.51	1e-05
TRBV29-01	CSVGTGGTNEKLFF	TRBJ01	GLCTLVAML	EBV	0.98	2e-05
TRBV20-01	CSARVGVGNTIYF	TRBJ01	GLCTLVAML	EBV	0.95	2e-05
TRBV10	CAIGTGDSNQPQHF	TRBJ01	EPLPQGQLTAY	EBV	0.9	2e-05
TRBV25-01	CASSSGDGYTF	TRBJ01	KLVALGINAV	HCV	0.84	2e-05
TRBV05	CASSLAGGYEQYF	TRBJ02	AMFWSVPTV	Melanoma	0.81	2e-05
TRBV07	CASSLGGYEQYF	TRBJ02	AMFWSVPTV	Melanoma	0.81	2e-05
TRBV07	CASSLAGYEQYF	TRBJ02	AMFWSVPTV	Melanoma	0.81	2e-05
TRBV07	CASSLGAYEQYF	TRBJ02	AMFWSVPTV	Melanoma	0.81	2e-05
TRBV03	CASSSGVGQPQHF	TRBJ01	LLLGIGILV	Multiple Myeloma	0.81	2e-05
TRBV07	CASSLGGLGQPQHF	TRBJ01	ELAGIGILTV	Melanoma	0.78	2e-05
TRBV07	CASSSSYEQYF	TRBJ02	NLVPMVATV	CMV	0.77	2e-05
TRBV29-01	CSVEGGPYEQYF	TRBJ02	YSEHPTFTSQY	CMV	0.75	2e-05
TRBV29-01	CSVGTGDYEQYF	TRBJ02	YSEHPTFTSQY	CMV	0.75	2e-05
TRBV03	CASSPGTTNTGELFF	TRBJ02	ARMILMTHF	HCV	0.73	2e-05
TRBV07	CASSLYSGGGDEQYF	TRBJ02	FPRPWLHGL	HIV	0.73	2e-05
TRBV07	CASSLFSGPTPEQFF	TRBJ02	FPRPWLHGL	HIV	0.69	2e-05
TRBV04	CASSQVVGGGQDYSNQPQHF	TRBJ01	FLKEKGGL	HIV	0.67	2e-05
TRBV05	CASSLNEQFF	TRBJ02	ISPRTLNAW	HIV	0.63	2e-05
TRBV11	CASSLNEQFF	TRBJ02	ISPRTLNAW	HIV	0.63	2e-05
TRBV07	CASSLNNEQFF	TRBJ02	ISPRTLNAW	HIV	0.63	2e-05
TRBV05	CASSGLLGWGETQYF	TRBJ02	YVLDHLIVV	EBV	0.6	2e-05
TRBV29-01	CSVGRTDNYGYTF	TRBJ01	QIKVRVKMV	CMV	0.54	2e-05
TRBV25-01	CASSGAGEQYF	TRBJ02	KLVALGINAV	HCV	0.82	3e-05
TRBV07	CASSYTGELFF	TRBJ02	KLVALGINAV	HCV	0.82	3e-05
TRBV07	CASSPVGRTDTQYF	TRBJ02	TPGPGVRYPL	HIV	0.78	3e-05
TRBV03	CASSLGGVGQPQHF	TRBJ01	LLLGIGILV	Multiple Myeloma	0.78	3e-05
TRBV07	CASSASYEQYF	TRBJ02	NLVPMVATV	CMV	0.76	3e-05
TRBV20-01	CSARQGYEQYF	TRBJ02	EIYKRWII	HIV	0.76	3e-05
TRBV20-01	CSARWGTEAFF	TRBJ01	ELAGIGILTV	Melanoma	0.76	3e-05
TRBV07	CASSLAQDRREAFF	TRBJ01	EIYKRWII	HIV	0.73	3e-05
TRBV04	CASSQTTSPNEKLFF	TRBJ01	IPSINVHHY	CMV	0.72	3e-05
TRBV29-01	CSVGTGSYEQYF	TRBJ02	RAKFKQLL	EBV	0.72	3e-05
TRBV04	CASSQVFGTATNYEQYF	TRBJ02	CINGVCWTV	HCV	0.71	3e-05
TRBV05	CASSTGTTNTGELFF	TRBJ02	ARMILMTHF	HCV	0.69	3e-05
TRBV25-01	CASSAGTNTGELFF	TRBJ02	ARMILMTHF	HCV	0.69	3e-05
TRBV07	CASSLSGLGDNEQFF	TRBJ02	VTEHDTLLY	CMV	0.65	3e-05
TRBV07	CASSLYGGGTDTQYF	TRBJ02	FPRPWLHGL	HIV	0.64	3e-05
TRBV06	CASSLGADQPQHF	TRBJ01	HPKVSSEVHI	HIV	0.58	3e-05
TRBV06	CASSYDRGPGNTIYF	TRBJ01	QVPLRPMTYK	HIV	0.53	3e-05
TRBV06	CASSRYRGENNEQFF	TRBJ02	QVPLRPMTYK	HIV	0.53	3e-05
TRBV05	CASSKDRGRGNEQFF	TRBJ02	QVPLRPMTYK	HIV	0.51	3e-05
TRBV07	CASSLDRNEQFF	TRBJ02	KRWIILGLNK	HIV	0.86	4e-05
TRBV07	CASSPDRGDTQYF	TRBJ02	SFHSLHLLF	HTLV1	0.76	4e-05
TRBV05	CASSLGGDTEAFF	TRBJ01	CINGVCWTV	HCV	0.68	4e-05
TRBV04	CASSQAENTEAFF	TRBJ01	CINGVCWTV	HCV	0.68	4e-05
TRBV03	CASSQEISGWSYEQYF	TRBJ02	CINGVCWTV	HCV	0.68	4e-05
TRBV07	CASSLQGTGELFF	TRBJ02	CINGVCWTV	HCV	0.68	4e-05
TRBV07	CASSLFGGPGETQYF	TRBJ02	FPRPWLHGL	HIV	0.63	4e-05
TRBV25-01	CASSLGGELFF	TRBJ02	KLVALGINAV	HCV	0.81	5e-05
TRBV25-01	CASSQGTDTQYF	TRBJ02	KLVALGINAV	HCV	0.8	5e-05
TRBV07	CASSLYGYEQYF	TRBJ02	AMFWSVPTV	Melanoma	0.77	5e-05
TRBV07	CASSLGGYEQYF	TRBJ02	GLCTLVAML	EBV	0.76	5e-05
TRBV20-01	CSARGLAGVNEQFF	TRBJ02	LLLGIGILV	Multiple Myeloma	0.76	5e-05
TRBV07	CASSLDRGNEQFF	TRBJ02	SFHSLHLLF	HTLV1	0.73	5e-05
TRBV07	CASSPPRMNEQYF	TRBJ02	SFHSLHLLF	HTLV1	0.73	5e-05
TRBV07	CASSLSGELFF	TRBJ02	NLVPMVATV	CMV	0.7	5e-05
TRBV06	CASSYTGGSEAFF	TRBJ01	IPSINVHHY	CMV	0.67	5e-05
TRBV10	CASRGQGVYEQYF	TRBJ02	IIKDYGKQM	HIV	0.65	5e-05
TRBV07	CASSWGGGLQETQYF	TRBJ02	GTSGSPIIDK	DENV2	0.64	5e-05
TRBV07	CASSLWQGGLDEQFF	TRBJ02	FPRPWLHGL	HIV	0.62	5e-05
TRBV07	CASSPNTEAFF	TRBJ01	ISPRTLNAW	HIV	0.62	5e-05
TRBV03	CASSQGGLGQPQHF	TRBJ01	EAAGIGILTV	Melanoma	0.85	6e-05
TRBV07	CASSLGGLGQPQHF	TRBJ01	EAAGIGILTV	Melanoma	0.83	6e-05
TRBV25-01	CASMGGYGYTF	TRBJ01	KLVALGINAV	HCV	0.79	6e-05
TRBV07	CASSSSGELFF	TRBJ02	KLVALGINAV	HCV	0.79	6e-05
TRBV07	CASSLGNTEAFF	TRBJ01	GLCTLVAML	EBV	0.74	6e-05
TRBV07	CASSQTGLGNEQFF	TRBJ02	LLLGIGILV	Multiple Myeloma	0.74	6e-05
TRBV04	CASSQDGLGNEQFF	TRBJ02	LLLGIGILV	Multiple Myeloma	0.74	6e-05
TRBV05	CASSFEGLGQPQHF	TRBJ01	LLLGIGILV	Multiple Myeloma	0.74	6e-05
TRBV07	CASSPDRDNEQYF	TRBJ02	SFHSLHLLF	HTLV1	0.71	6e-05
TRBV07	CASSLGDTEAFF	TRBJ01	ELAGIGILTV	Melanoma	0.71	6e-05
TRBV29-01	CSVGTGGHEQYF	TRBJ02	RAKFKQLL	EBV	0.69	6e-05
TRBV29-01	CSTGQGNTEAFF	TRBJ01	RAKFKQLL	EBV	0.69	6e-05
TRBV04	CASSQEPGTEAFF	TRBJ01	CINGVCWTV	HCV	0.67	6e-05
TRBV07	CASSLFQGGQDTQYF	TRBJ02	FPRPWLHGL	HIV	0.61	6e-05
TRBV29-01	CSVDGGRSYGYTF	TRBJ01	QIKVRVKMV	CMV	0.52	6e-05
TRBV05	CASSFEGLGQPQHF	TRBJ01	EAAGIGILTV	Melanoma	0.82	7e-05
TRBV12	CASSAGTVNTGELFF	TRBJ02	ATDALMTGY	HCV	0.8	7e-05
TRBV10	CAISTGTANNQPQHF	TRBJ01	ATDALMTGY	HCV	0.79	7e-05
TRBV29-01	CSVEDSYNEQFF	TRBJ02	GLCTLVAML	EBV	0.71	7e-05
TRBV07	CASSLDRYEQYF	TRBJ02	KRWIILGLNK	HIV	0.71	7e-05
TRBV29-01	CSVRTGDSNQPQHF	TRBJ01	EPLPQGQLTAY	EBV	0.69	7e-05
TRBV07	CASSSEAGGTYNEQFF	TRBJ02	IVTDFSVIK	EBV	0.61	7e-05
TRBV07	CASSLAAGGPYEQYF	TRBJ02	FLKEKGGL	HIV	0.58	7e-05
TRBV29-01	CSVGGDTYEQYF	TRBJ02	YSEHPTFTSQY	CMV	0.71	8e-05
TRBV29-01	CSVEAAYNEQFF	TRBJ02	GLCTLVAML	EBV	0.68	8e-05
TRBV29-01	CSVQGVDYNEQFF	TRBJ02	GLCTLVAML	EBV	0.68	8e-05
TRBV03	CASSQEGTSGPYEQYF	TRBJ02	CINGVCWTV	HCV	0.65	8e-05
TRBV12	CASRLQGGQDTQYF	TRBJ02	RPRGEVRFL	HSV2	0.62	8e-05
TRBV07	CASRLTGTTTDTQYF	TRBJ02	RPRGEVRFL	HSV2	0.62	8e-05
TRBV11	CASSGGGTDTQYF	TRBJ02	GTSGSPIIDK	DENV2	0.59	8e-05
TRBV07	CASSLGGGPQETQYF	TRBJ02	GTSGSPIIDK	DENV2	0.59	8e-05
TRBV07	CASSFLAGLGNEQFF	TRBJ02	FLKEKGGL	HIV	0.57	8e-05
TRBV12	CASSLVPTEAFF	TRBJ01	TPQDLNTML	HIV	0.53	8e-05
TRBV12	CASSVLGGYTF	TRBJ01	TPQDLNTML	HIV	0.53	8e-05
TRBV07	CASSLGGNTIYF	TRBJ01	TPQDLNTML	HIV	0.52	8e-05
TRBV12	CASSLGVREAFF	TRBJ01	TPQDLNTML	HIV	0.52	8e-05
TRBV25-01	CASSGLGEQFF	TRBJ02	KLVALGINAV	HCV	0.78	9e-05
TRBV11	CASSHTGVGQPQHF	TRBJ01	EAAGIGILTV	Melanoma	0.78	9e-05
TRBV07	CASSLTTGELFF	TRBJ02	HPVGEADYFEY	EBV	0.72	9e-05
TRBV05	CASSIRSGELFF	TRBJ02	HPVGEADYFEY	EBV	0.71	9e-05
TRBV04	CASSQVTGELFF	TRBJ02	HPVGEADYFEY	EBV	0.71	9e-05
TRBV05	CASSLEGFGQPQHF	TRBJ01	LLLGIGILV	Multiple Myeloma	0.71	9e-05
TRBV11	CASSHTGVGQPQHF	TRBJ01	LLLGIGILV	Multiple Myeloma	0.71	9e-05
TRBV04	CASSQERGNEQFF	TRBJ02	GLCTLVAML	EBV	0.67	9e-05
TRBV20-01	CSARDRLAENTGELFF	TRBJ02	RAKFKQLL	EBV	0.67	9e-05
TRBV04	CASSQDRGNEQFF	TRBJ02	GLCTLVAML	EBV	0.66	9e-05
TRBV05	CASSTGGNTEAFF	TRBJ01	CINGVCWTV	HCV	0.64	9e-05
TRBV04	CASSQELSGSSYEQYF	TRBJ02	CINGVCWTV	HCV	0.64	9e-05
TRBV29-01	CSVEDEAGDGYTF	TRBJ01	IIKDYGKQM	HIV	0.6	9e-05
TRBV07	CASSTGQGAPNQPQHF	TRBJ01	QYDPVAALF	CMV	0.56	9e-05
TRBV29-01	CSVAANYGYTF	TRBJ01	FLKEKGGL	HIV	0.56	9e-05
TRBV07	CASSPRDHQETQYF	TRBJ02	QVPLRPMTYK	HIV	0.49	9e-05
TRBV06	CASSYDRLSGNTIYF	TRBJ01	QVPLRPMTYK	HIV	0.49	9e-05
TRBV07	CASSLGVQLDEQFF	TRBJ02	ATDALMTGY	HCV	0.77	0.0001
TRBV05	CASSLGGYEQYF	TRBJ02	AMFWSVPTV	Melanoma	0.75	0.0001
TRBV07	CASSYTGGLGQPQHF	TRBJ01	EAAGIGILTV	Melanoma	0.74	0.0001
TRBV05	CASSPSGRDNEQFF	TRBJ02	TPGPGVRYPL	HIV	0.69	0.0001
TRBV05	CASSLEGVGQPQHF	TRBJ01	LLLGIGILV	Multiple Myeloma	0.68	0.0001
TRBV07	CASSLVNEQFF	TRBJ02	NLVPMVATV	CMV	0.67	0.0001
TRBV07	CASSLDRVETQYF	TRBJ02	SFHSLHLLF	HTLV1	0.65	0.0001
TRBV07	CASRGTGGYEQYF	TRBJ02	IIKDYGKQM	HIV	0.59	0.0001
TRBV24-01	CATSDGYEQYF	TRBJ02	IIKDYGKQM	HIV	0.58	0.0001
TRBV07	CASSGGTSGGGDTQYF	TRBJ02	QYDPVAALF	CMV	0.55	0.0001
TRBV07	CASSTDTTDTQYF	TRBJ02	QYDPVAALF	CMV	0.55	0.0001
TRBV07	CASSGQGSQETQYF	TRBJ02	QYDPVAALF	CMV	0.54	0.0001
TRBV03	CASSHLLAGGEQFF	TRBJ02	YVLDHLIVV	EBV	0.52	0.0001
